route_color,route_id,route_stop_id,stop_name,vehicle_number,arrival_time,departure_time,actual_dwell_seconds
Red,20,280,COP & North Ave.,2215,2026-09-21T15:54:01-04:00,2026-09-21T15:54:07-04:00,5.7
Gold,29,413,Nanotechnology,2307,2026-09-21T15:54:01-04:00,2026-09-21T15:54:26-04:00,24.4
Clough,28,385,MARTA Midtown Station,2301,2026-09-21T15:54:01-04:00,2026-09-21T15:54:37-04:00,35.9
Blue,21,306,Exhibition Hall,2214,2026-09-21T15:54:01-04:00,2026-09-21T15:55:19-04:00,77.4
Red,20,269,Nanotechnology,2210,2026-09-21T15:54:32-04:00,2026-09-21T15:55:25-04:00,53.0
Gold,29,417,CRC & Stamps Health,2308,2026-09-21T15:54:13-04:00,2026-09-21T15:55:31-04:00,77.6
Gold,29,415,Kendeda Building,2307,2026-09-21T15:54:26-04:00,2026-09-21T15:55:37-04:00,71.0
Gold,29,397,Technology Square WB,2303,2026-09-21T15:54:43-04:00,2026-09-21T15:55:42-04:00,59.2
Red,20,273,West Village,2207,2026-09-21T15:54:01-04:00,2026-09-21T15:55:49-04:00,107.4
Gold,29,396,MARTA Midtown Station,2306,2026-09-21T15:54:01-04:00,2026-09-21T15:56:12-04:00,130.6
Red,20,270,Kendeda Building,2210,2026-09-21T15:55:25-04:00,2026-09-21T15:56:19-04:00,53.7
Gold,29,398,5th Street Bridge WB,2303,2026-09-21T15:55:49-04:00,2026-09-21T15:56:19-04:00,29.7
Northside Dr. - Atlantic Station,26,361,16th & Village St.,2209,2026-09-21T15:56:00-04:00,2026-09-21T15:56:38-04:00,37.2
Blue,21,289,North Avenue Apts - To East Campus,2206,2026-09-21T15:54:01-04:00,2026-09-21T15:56:49-04:00,167.7
Gold,29,416,Couch Park,2307,2026-09-21T15:55:42-04:00,2026-09-21T15:56:56-04:00,73.8
Gold,29,421,Ferst Drive & Student Center,2308,2026-09-21T15:56:12-04:00,2026-09-21T15:56:56-04:00,44.1
Red,20,271,8th St & Hemphill Ave,2207,2026-09-21T15:56:12-04:00,2026-09-21T15:57:03-04:00,50.8
Clough,28,389,Technology Square EB,2309,2026-09-21T15:54:20-04:00,2026-09-21T15:57:03-04:00,163.2
Clough,28,392,Clough Commons,2302,2026-09-21T15:54:20-04:00,2026-09-21T15:57:03-04:00,163.2
Clough,28,393,Publix at the Plaza,2301,2026-09-21T15:54:57-04:00,2026-09-21T15:57:03-04:00,126.2
Blue,21,302,COP & North Ave.,2204,2026-09-21T15:55:49-04:00,2026-09-21T15:57:14-04:00,85.1
Green,17,209,GT Competition Center (575 14th Street),2201,2026-09-21T15:54:01-04:00,2026-09-21T15:57:20-04:00,198.5
Gold,29,411,Russ Chandler Stadium,2303,2026-09-21T15:56:44-04:00,2026-09-21T15:57:32-04:00,48.5
Blue,21,299,Fitten Hall,2214,2026-09-21T15:56:19-04:00,2026-09-21T15:57:39-04:00,80.0
Red,20,274,Center St. Apartments & Hemphill Ave,2210,2026-09-21T15:56:44-04:00,2026-09-21T15:57:50-04:00,66.2
Emory,18,219,HSRB Emory,2304,2026-09-21T15:54:01-04:00,2026-09-21T15:58:20-04:00,258.4
Red,20,275,Ferst Dr & Hemphill Ave,2207,2026-09-21T15:57:14-04:00,2026-09-21T15:58:20-04:00,65.9
Red,20,250,North Avenue Apts - To West Campus,2215,2026-09-21T15:54:13-04:00,2026-09-21T15:58:26-04:00,252.7
Gold,29,412,Klaus Building WB,2303,2026-09-21T15:57:32-04:00,2026-09-21T15:58:26-04:00,53.9
Clough,28,394,Fowler Street NB,2302,2026-09-21T15:57:56-04:00,2026-09-21T15:58:43-04:00,47.3
Green,17,210,14th St & State St,2201,2026-09-21T15:57:56-04:00,2026-09-21T15:58:49-04:00,53.2
Clough,28,390,College of Business,2309,2026-09-21T15:57:14-04:00,2026-09-21T15:58:58-04:00,103.7
Gold,29,417,CRC & Stamps Health,2307,2026-09-21T15:57:26-04:00,2026-09-21T15:58:58-04:00,91.8
Blue,21,303,Ferst Dr & Cherry St,2206,2026-09-21T15:58:13-04:00,2026-09-21T15:59:04-04:00,50.1
Gold,29,404,Publix at the Plaza,2306,2026-09-21T15:57:08-04:00,2026-09-21T15:59:09-04:00,121.0
Clough,28,388,5th Street Bridge EB,2302,2026-09-21T15:58:58-04:00,2026-09-21T15:59:15-04:00,17.3
Clough,28,386,Technology Square WB,2301,2026-09-21T15:58:43-04:00,2026-09-21T15:59:26-04:00,43.4
Northside Dr. - Atlantic Station,26,363,MARTA Stop (17th & State),2209,2026-09-21T15:58:32-04:00,2026-09-21T15:59:32-04:00,60.5
Clough,28,391,Academy of Medicine,2309,2026-09-21T15:59:04-04:00,2026-09-21T15:59:38-04:00,34.0
Green,17,211,GTRI Conference Center,2201,2026-09-21T15:58:49-04:00,2026-09-21T15:59:44-04:00,55.4
Red,20,276,Cherry Emerson,2207,2026-09-21T15:58:49-04:00,2026-09-21T16:00:15-04:00,86.5
Clough,28,387,5th Street Bridge WB,2301,2026-09-21T15:59:38-04:00,2026-09-21T16:00:15-04:00,37.8
Gold,29,413,Nanotechnology,2303,2026-09-21T15:58:43-04:00,2026-09-21T16:00:15-04:00,92.4
Red,20,264,Brown Residence Hall,2215,2026-09-21T15:59:44-04:00,2026-09-21T16:00:34-04:00,49.5
Gold,29,421,Ferst Drive & Student Center,2307,2026-09-21T15:59:38-04:00,2026-09-21T16:00:34-04:00,56.2
Blue,21,282,West Village,2214,2026-09-21T15:59:32-04:00,2026-09-21T16:00:43-04:00,70.9
Gold,29,415,Kendeda Building,2303,2026-09-21T16:00:15-04:00,2026-09-21T16:01:08-04:00,52.4
Red,20,272,Paper Tricentennial,2210,2026-09-21T15:57:56-04:00,2026-09-21T16:01:13-04:00,197.7
Blue,21,289,North Avenue Apts - To East Campus,2204,2026-09-21T15:57:32-04:00,2026-09-21T16:01:13-04:00,221.3
Red,20,277,Klaus Building EB,2207,2026-09-21T16:00:21-04:00,2026-09-21T16:01:19-04:00,58.0
Blue,21,463,Ferst Dr. and Weber Building,2206,2026-09-21T15:58:58-04:00,2026-09-21T16:01:19-04:00,141.8
Northside Dr. - Atlantic Station,26,364,MARTA Stop (17th & Village),2209,2026-09-21T15:59:44-04:00,2026-09-21T16:01:19-04:00,95.0
Clough,28,389,Technology Square EB,2302,2026-09-21T15:59:50-04:00,2026-09-21T16:01:19-04:00,88.9
Clough,28,395,Fowler Street SB,2301,2026-09-21T16:00:27-04:00,2026-09-21T16:01:26-04:00,59.3
Emory,18,220,Woodruff Circle Transit Hub,2304,2026-09-21T15:59:21-04:00,2026-09-21T16:01:45-04:00,143.8
Gold,29,397,Technology Square WB,2306,2026-09-21T16:00:55-04:00,2026-09-21T16:01:50-04:00,54.8
Red,20,265,Techwood Dr & Field Residence Hall,2215,2026-09-21T16:00:49-04:00,2026-09-21T16:02:03-04:00,73.9
Blue,21,283,8th St & Hemphill Ave,2214,2026-09-21T16:00:55-04:00,2026-09-21T16:02:21-04:00,85.3
Northside Dr. - Atlantic Station,26,365,MARTA Stop (17th & Bishop),2209,2026-09-21T16:01:19-04:00,2026-09-21T16:02:27-04:00,67.5
Blue,21,305,Student Center,2206,2026-09-21T16:01:26-04:00,2026-09-21T16:02:33-04:00,66.6
Gold,29,416,Couch Park,2303,2026-09-21T16:01:13-04:00,2026-09-21T16:02:33-04:00,79.4
Green,17,212,McCamish & 10th St.,2201,2026-09-21T16:02:03-04:00,2026-09-21T16:03:09-04:00,65.6
Red,20,278,Techwood Dr & 5th St - South,2207,2026-09-21T16:02:03-04:00,2026-09-21T16:03:09-04:00,65.6
Gold,29,398,5th Street Bridge WB,2306,2026-09-21T16:02:03-04:00,2026-09-21T16:03:14-04:00,71.2
Blue,21,284,Couch Park,2214,2026-09-21T16:02:27-04:00,2026-09-21T16:03:37-04:00,70.6
Gold,29,411,Russ Chandler Stadium,2306,2026-09-21T16:03:20-04:00,2026-09-21T16:03:55-04:00,35.0
Red,20,266,Techwood & 5th  - North,2215,2026-09-21T16:02:51-04:00,2026-09-21T16:04:01-04:00,70.5
Blue,21,306,Exhibition Hall,2206,2026-09-21T16:03:03-04:00,2026-09-21T16:04:07-04:00,63.9
Red,20,279,Techwood Dr & Bobby Dodd Way,2207,2026-09-21T16:03:20-04:00,2026-09-21T16:04:19-04:00,58.4
Gold,29,412,Klaus Building WB,2306,2026-09-21T16:03:55-04:00,2026-09-21T16:04:43-04:00,48.0
Clough,28,385,MARTA Midtown Station,2309,2026-09-21T16:01:45-04:00,2026-09-21T16:04:49-04:00,184.2
Clough,28,390,College of Business,2302,2026-09-21T16:03:14-04:00,2026-09-21T16:04:56-04:00,101.2
Green,17,213,Graduate Living Center,2201,2026-09-21T16:04:13-04:00,2026-09-21T16:05:01-04:00,48.2
Gold,29,419,Weber Loop,2307,2026-09-21T16:01:26-04:00,2026-09-21T16:05:01-04:00,215.3
Red,20,267,Russ Chandler Stadium,2215,2026-09-21T16:04:07-04:00,2026-09-21T16:05:07-04:00,60.1
Blue,21,285,CRC & Stamps Health,2214,2026-09-21T16:04:13-04:00,2026-09-21T16:05:19-04:00,66.1
Blue,21,303,Ferst Dr & Cherry St,2204,2026-09-21T16:04:19-04:00,2026-09-21T16:05:19-04:00,60.7
Clough,28,391,Academy of Medicine,2302,2026-09-21T16:05:01-04:00,2026-09-21T16:05:40-04:00,38.1
Gold,29,413,Nanotechnology,2306,2026-09-21T16:04:56-04:00,2026-09-21T16:05:46-04:00,50.3
Blue,21,299,Fitten Hall,2206,2026-09-21T16:05:01-04:00,2026-09-21T16:05:57-04:00,55.5
Gold,29,417,CRC & Stamps Health,2303,2026-09-21T16:03:09-04:00,2026-09-21T16:06:14-04:00,185.4
Red,20,280,COP & North Ave.,2207,2026-09-21T16:05:40-04:00,2026-09-21T16:06:20-04:00,40.4
Red,20,268,Klaus Building WB,2215,2026-09-21T16:05:07-04:00,2026-09-21T16:06:26-04:00,78.3
Blue,21,463,Ferst Dr. and Weber Building,2204,2026-09-21T16:05:13-04:00,2026-09-21T16:06:26-04:00,72.1
Gold,29,415,Kendeda Building,2306,2026-09-21T16:05:46-04:00,2026-09-21T16:06:26-04:00,39.7
Clough,28,392,Clough Commons,2301,2026-09-21T16:02:14-04:00,2026-09-21T16:06:31-04:00,256.9
Gold,29,420,Student Center,2307,2026-09-21T16:05:25-04:00,2026-09-21T16:06:37-04:00,71.6
Green,17,195,Baker Building,2201,2026-09-21T16:05:32-04:00,2026-09-21T16:06:43-04:00,70.3
Blue,21,300,Ferst Drive & Student Center,2214,2026-09-21T16:06:03-04:00,2026-09-21T16:06:43-04:00,39.7
Northside Dr. - Atlantic Station,26,360,MARTA Stop Northside Dr. @ 10th St.,2209,2026-09-21T16:06:03-04:00,2026-09-21T16:06:43-04:00,39.7
Emory,18,222,Clifton Road at Wesley WB,2304,2026-09-21T16:06:14-04:00,2026-09-21T16:06:57-04:00,42.8
Red,20,273,West Village,2210,2026-09-21T16:02:21-04:00,2026-09-21T16:07:10-04:00,288.8
Clough,28,393,Publix at the Plaza,2309,2026-09-21T16:05:01-04:00,2026-09-21T16:07:10-04:00,128.0
Red,20,269,Nanotechnology,2215,2026-09-21T16:06:43-04:00,2026-09-21T16:07:44-04:00,61.1
Blue,21,305,Student Center,2204,2026-09-21T16:06:57-04:00,2026-09-21T16:07:44-04:00,46.9
Gold,29,407,Exhibition Hall,2307,2026-09-21T16:07:15-04:00,2026-09-21T16:07:50-04:00,34.6
Gold,29,421,Ferst Drive & Student Center,2303,2026-09-21T16:07:03-04:00,2026-09-21T16:08:04-04:00,60.3
Clough,28,394,Fowler Street NB,2301,2026-09-21T16:07:21-04:00,2026-09-21T16:08:10-04:00,48.8
Gold,29,416,Couch Park,2306,2026-09-21T16:06:43-04:00,2026-09-21T16:08:15-04:00,92.5
Red,20,271,8th St & Hemphill Ave,2210,2026-09-21T16:07:27-04:00,2026-09-21T16:08:27-04:00,60.2
Blue,21,301,Weber Building Loop,2214,2026-09-21T16:07:03-04:00,2026-09-21T16:08:50-04:00,106.4
Clough,28,388,5th Street Bridge EB,2301,2026-09-21T16:08:15-04:00,2026-09-21T16:08:50-04:00,34.6
Red,20,270,Kendeda Building,2215,2026-09-21T16:07:44-04:00,2026-09-21T16:09:08-04:00,83.7
Gold,29,419,Weber Loop,2308,2026-09-21T15:57:26-04:00,2026-09-21T16:09:08-04:00,701.9
Clough,28,389,Technology Square EB,2301,2026-09-21T16:09:24-04:00,2026-09-21T16:09:48-04:00,23.5
Blue,21,306,Exhibition Hall,2204,2026-09-21T16:08:21-04:00,2026-09-21T16:09:54-04:00,92.6
Red,20,275,Ferst Dr & Hemphill Ave,2210,2026-09-21T16:08:32-04:00,2026-09-21T16:09:59-04:00,87.1
Clough,28,385,MARTA Midtown Station,2302,2026-09-21T16:07:32-04:00,2026-09-21T16:10:11-04:00,158.9
Northside Dr. - Atlantic Station,26,358,Exhibition Hall,2209,2026-09-21T16:08:32-04:00,2026-09-21T16:10:40-04:00,127.2
Gold,29,408,Ferst Dr & Hemphill Ave,2307,2026-09-21T16:09:08-04:00,2026-09-21T16:10:45-04:00,97.7
Red,20,274,Center St. Apartments & Hemphill Ave,2215,2026-09-21T16:09:48-04:00,2026-09-21T16:10:51-04:00,63.2
Clough,28,386,Technology Square WB,2309,2026-09-21T16:09:59-04:00,2026-09-21T16:11:26-04:00,86.1
Gold,29,420,Student Center,2308,2026-09-21T16:10:06-04:00,2026-09-21T16:11:32-04:00,86.2
Green,17,208,Center St. Apartments & Hemphill Ave,2216,2026-09-21T15:55:37-04:00,2026-09-21T16:11:51-04:00,973.8
Red,20,272,Paper Tricentennial,2215,2026-09-21T16:11:08-04:00,2026-09-21T16:12:04-04:00,55.6
Blue,21,282,West Village,2206,2026-09-21T16:06:57-04:00,2026-09-21T16:12:15-04:00,317.7
Red,20,276,Cherry Emerson,2210,2026-09-21T16:10:40-04:00,2026-09-21T16:12:21-04:00,101.4
Clough,28,387,5th Street Bridge WB,2309,2026-09-21T16:11:32-04:00,2026-09-21T16:12:34-04:00,61.8
Blue,21,299,Fitten Hall,2204,2026-09-21T16:11:03-04:00,2026-09-21T16:12:40-04:00,96.9
Clough,28,390,College of Business,2301,2026-09-21T16:11:08-04:00,2026-09-21T16:12:51-04:00,102.7
Northside Dr. - Atlantic Station,26,359,Center St. Apartments & Hemphill Ave,2209,2026-09-21T16:12:04-04:00,2026-09-21T16:12:59-04:00,54.9
Clough,28,393,Publix at the Plaza,2302,2026-09-21T16:10:45-04:00,2026-09-21T16:12:59-04:00,133.3
Clough,28,395,Fowler Street SB,2309,2026-09-21T16:12:40-04:00,2026-09-21T16:12:59-04:00,19.1
Gold,29,417,CRC & Stamps Health,2306,2026-09-21T16:08:55-04:00,2026-09-21T16:12:59-04:00,243.3
Gold,29,407,Exhibition Hall,2308,2026-09-21T16:12:21-04:00,2026-09-21T16:13:11-04:00,50.0
Green,17,196,Kendeda Building,2201,2026-09-21T16:06:49-04:00,2026-09-21T16:13:17-04:00,388.7
Red,20,250,North Avenue Apts - To West Campus,2207,2026-09-21T16:06:20-04:00,2026-09-21T16:13:17-04:00,417.5
Red,20,277,Klaus Building EB,2210,2026-09-21T16:12:34-04:00,2026-09-21T16:13:30-04:00,56.5
Blue,21,283,8th St & Hemphill Ave,2206,2026-09-21T16:12:28-04:00,2026-09-21T16:13:30-04:00,62.4
Northside Dr. - Atlantic Station,26,487,Georgia Tech Police Department,2209,2026-09-21T16:12:59-04:00,2026-09-21T16:13:49-04:00,50.3
Clough,28,391,Academy of Medicine,2301,2026-09-21T16:13:05-04:00,2026-09-21T16:13:49-04:00,44.0
Gold,29,409,Cherry Emerson,2307,2026-09-21T16:11:26-04:00,2026-09-21T16:13:54-04:00,148.9
Gold,29,421,Ferst Drive & Student Center,2306,2026-09-21T16:13:54-04:00,2026-09-21T16:14:30-04:00,35.5
Green,17,418,Georgia Tech Police Department,2216,2026-09-21T15:56:00-04:00,2026-09-21T16:15:01-04:00,1140.5
Blue,21,282,West Village,2204,2026-09-21T16:13:49-04:00,2026-09-21T16:15:16-04:00,87.2
Blue,21,284,Couch Park,2206,2026-09-21T16:13:42-04:00,2026-09-21T16:15:16-04:00,94.3
Gold,29,410,Klaus Building EB,2307,2026-09-21T16:14:00-04:00,2026-09-21T16:15:22-04:00,81.5
Red,20,278,Techwood Dr & 5th St - South,2210,2026-09-21T16:14:12-04:00,2026-09-21T16:15:33-04:00,81.1
Gold,29,408,Ferst Dr & Hemphill Ave,2308,2026-09-21T16:14:41-04:00,2026-09-21T16:15:45-04:00,63.5
Red,20,264,Brown Residence Hall,2207,2026-09-21T16:15:33-04:00,2026-09-21T16:15:50-04:00,17.4
Blue,21,283,8th St & Hemphill Ave,2204,2026-09-21T16:15:22-04:00,2026-09-21T16:16:09-04:00,47.1
Emory,18,223,Piedmont Road WB,2304,2026-09-21T16:16:14-04:00,2026-09-21T16:16:34-04:00,19.4
Gold,29,399,5th Street Bridge EB,2307,2026-09-21T16:15:33-04:00,2026-09-21T16:16:34-04:00,60.6
Red,20,265,Techwood Dr & Field Residence Hall,2207,2026-09-21T16:16:02-04:00,2026-09-21T16:16:39-04:00,36.9
Gold,29,409,Cherry Emerson,2308,2026-09-21T16:16:22-04:00,2026-09-21T16:17:17-04:00,55.0
Red,20,279,Techwood Dr & Bobby Dodd Way,2210,2026-09-21T16:16:22-04:00,2026-09-21T16:17:22-04:00,60.7
Blue,21,302,COP & North Ave.,2214,2026-09-21T16:16:22-04:00,2026-09-21T16:17:22-04:00,60.7
Clough,28,386,Technology Square WB,2302,2026-09-21T16:16:22-04:00,2026-09-21T16:17:35-04:00,73.4
Blue,21,284,Couch Park,2204,2026-09-21T16:16:22-04:00,2026-09-21T16:17:55-04:00,93.2
Gold,29,400,Technology Square EB,2307,2026-09-21T16:17:10-04:00,2026-09-21T16:17:55-04:00,44.3
Red,20,273,West Village,2215,2026-09-21T16:13:11-04:00,2026-09-21T16:18:01-04:00,290.5
Blue,21,285,CRC & Stamps Health,2206,2026-09-21T16:15:50-04:00,2026-09-21T16:18:01-04:00,130.9
Northside Dr. - Atlantic Station,26,362,MARTA Stop 10th St. @ Northside Dr.,2209,2026-09-21T16:14:48-04:00,2026-09-21T16:18:01-04:00,192.9
Clough,28,392,Clough Commons,2309,2026-09-21T16:13:49-04:00,2026-09-21T16:18:08-04:00,258.8
Gold,29,410,Klaus Building EB,2308,2026-09-21T16:17:22-04:00,2026-09-21T16:18:14-04:00,51.2
Green,17,208,Center St. Apartments & Hemphill Ave,2201,2026-09-21T16:13:42-04:00,2026-09-21T16:18:38-04:00,296.3
Red,20,266,Techwood & 5th  - North,2207,2026-09-21T16:17:22-04:00,2026-09-21T16:18:38-04:00,75.9
Green,17,418,Georgia Tech Police Department,2201,2026-09-21T16:18:38-04:00,2026-09-21T16:19:03-04:00,25.2
Clough,28,394,Fowler Street NB,2309,2026-09-21T16:18:45-04:00,2026-09-21T16:19:03-04:00,18.5
Clough,28,387,5th Street Bridge WB,2302,2026-09-21T16:17:41-04:00,2026-09-21T16:19:10-04:00,88.8
Blue,21,300,Ferst Drive & Student Center,2206,2026-09-21T16:18:38-04:00,2026-09-21T16:19:26-04:00,48.3
Clough,28,385,MARTA Midtown Station,2301,2026-09-21T16:17:17-04:00,2026-09-21T16:19:26-04:00,129.9
Clough,28,388,5th Street Bridge EB,2309,2026-09-21T16:19:10-04:00,2026-09-21T16:19:39-04:00,28.9
Red,20,267,Russ Chandler Stadium,2207,2026-09-21T16:18:45-04:00,2026-09-21T16:19:44-04:00,59.3
Red,20,271,8th St & Hemphill Ave,2215,2026-09-21T16:18:20-04:00,2026-09-21T16:19:44-04:00,84.7
Red,20,280,COP & North Ave.,2210,2026-09-21T16:19:26-04:00,2026-09-21T16:20:03-04:00,36.3
Clough,28,395,Fowler Street SB,2302,2026-09-21T16:19:21-04:00,2026-09-21T16:20:10-04:00,48.9
Gold,29,399,5th Street Bridge EB,2308,2026-09-21T16:19:26-04:00,2026-09-21T16:20:16-04:00,49.3
Gold,29,419,Weber Loop,2303,2026-09-21T16:08:38-04:00,2026-09-21T16:20:23-04:00,704.7
Red,20,268,Klaus Building WB,2207,2026-09-21T16:19:44-04:00,2026-09-21T16:20:37-04:00,52.5
Green,17,209,GT Competition Center (575 14th Street),2216,2026-09-21T16:18:33-04:00,2026-09-21T16:20:45-04:00,132.3
Blue,21,285,CRC & Stamps Health,2204,2026-09-21T16:19:10-04:00,2026-09-21T16:20:45-04:00,95.2
Blue,21,301,Weber Building Loop,2206,2026-09-21T16:19:44-04:00,2026-09-21T16:20:45-04:00,60.6
Blue,21,289,North Avenue Apts - To East Campus,2214,2026-09-21T16:17:48-04:00,2026-09-21T16:20:51-04:00,182.6
Gold,29,401,College of Business,2307,2026-09-21T16:19:10-04:00,2026-09-21T16:20:51-04:00,101.0
Red,20,275,Ferst Dr & Hemphill Ave,2215,2026-09-21T16:19:50-04:00,2026-09-21T16:21:02-04:00,71.8
Clough,28,393,Publix at the Plaza,2301,2026-09-21T16:19:44-04:00,2026-09-21T16:21:08-04:00,83.6
Green,17,206,Hemphill Ave & Curran St,2201,2026-09-21T16:20:51-04:00,2026-09-21T16:21:25-04:00,34.5
Red,20,269,Nanotechnology,2207,2026-09-21T16:20:51-04:00,2026-09-21T16:21:25-04:00,34.5
Clough,28,389,Technology Square EB,2309,2026-09-21T16:20:23-04:00,2026-09-21T16:21:25-04:00,62.4
Gold,29,400,Technology Square EB,2308,2026-09-21T16:20:29-04:00,2026-09-21T16:21:37-04:00,68.0
Blue,21,300,Ferst Drive & Student Center,2204,2026-09-21T16:21:19-04:00,2026-09-21T16:21:45-04:00,25.2
Gold,29,402,Academy of Medicine,2307,2026-09-21T16:21:02-04:00,2026-09-21T16:21:45-04:00,42.5
Gold,29,420,Student Center,2303,2026-09-21T16:20:45-04:00,2026-09-21T16:21:51-04:00,66.5
Emory,18,224,10th St & MARTA WB,2304,2026-09-21T16:21:25-04:00,2026-09-21T16:22:33-04:00,68.3
Red,20,276,Cherry Emerson,2215,2026-09-21T16:21:45-04:00,2026-09-21T16:22:33-04:00,48.7
Northside Dr. - Atlantic Station,26,361,16th & Village St.,2209,2026-09-21T16:21:02-04:00,2026-09-21T16:22:33-04:00,91.2
Green,17,210,14th St & State St,2216,2026-09-21T16:21:19-04:00,2026-09-21T16:22:45-04:00,85.2
Red,20,270,Kendeda Building,2207,2026-09-21T16:21:25-04:00,2026-09-21T16:22:51-04:00,85.5
Clough,28,392,Clough Commons,2302,2026-09-21T16:21:02-04:00,2026-09-21T16:22:51-04:00,108.4
Gold,29,419,Weber Loop,2306,2026-09-21T16:15:16-04:00,2026-09-21T16:23:07-04:00,471.2
Blue,21,303,Ferst Dr & Cherry St,2214,2026-09-21T16:22:26-04:00,2026-09-21T16:23:24-04:00,57.3
Gold,29,407,Exhibition Hall,2303,2026-09-21T16:22:33-04:00,2026-09-21T16:23:36-04:00,62.7
Red,20,277,Klaus Building EB,2215,2026-09-21T16:22:45-04:00,2026-09-21T16:24:00-04:00,75.0
Green,17,211,GTRI Conference Center,2216,2026-09-21T16:22:45-04:00,2026-09-21T16:24:16-04:00,91.8
Clough,28,394,Fowler Street NB,2302,2026-09-21T16:23:47-04:00,2026-09-21T16:24:16-04:00,29.0
Red,20,274,Center St. Apartments & Hemphill Ave,2207,2026-09-21T16:23:31-04:00,2026-09-21T16:24:22-04:00,51.4
Green,17,209,GT Competition Center (575 14th Street),2201,2026-09-21T16:24:11-04:00,2026-09-21T16:24:28-04:00,17.4
Clough,28,388,5th Street Bridge EB,2302,2026-09-21T16:24:22-04:00,2026-09-21T16:24:51-04:00,29.3
Clough,28,390,College of Business,2309,2026-09-21T16:23:07-04:00,2026-09-21T16:24:51-04:00,103.9
Gold,29,401,College of Business,2308,2026-09-21T16:23:18-04:00,2026-09-21T16:24:57-04:00,98.5
Gold,29,420,Student Center,2306,2026-09-21T16:23:54-04:00,2026-09-21T16:25:09-04:00,74.7
Gold,29,396,MARTA Midtown Station,2307,2026-09-21T16:23:42-04:00,2026-09-21T16:25:09-04:00,86.8
Red,20,250,North Avenue Apts - To West Campus,2210,2026-09-21T16:20:03-04:00,2026-09-21T16:25:15-04:00,312.2
Blue,21,302,COP & North Ave.,2206,2026-09-21T16:24:40-04:00,2026-09-21T16:25:15-04:00,35.0
Gold,29,408,Ferst Dr & Hemphill Ave,2303,2026-09-21T16:24:22-04:00,2026-09-21T16:25:15-04:00,53.1
Clough,28,386,Technology Square WB,2301,2026-09-21T16:24:05-04:00,2026-09-21T16:25:27-04:00,81.5
Clough,28,391,Academy of Medicine,2309,2026-09-21T16:25:03-04:00,2026-09-21T16:25:39-04:00,35.8
Gold,29,402,Academy of Medicine,2308,2026-09-21T16:25:09-04:00,2026-09-21T16:25:45-04:00,36.7
Northside Dr. - Atlantic Station,26,363,MARTA Stop (17th & State),2209,2026-09-21T16:24:11-04:00,2026-09-21T16:25:59-04:00,107.9
Clough,28,387,5th Street Bridge WB,2301,2026-09-21T16:25:39-04:00,2026-09-21T16:26:11-04:00,31.7
Blue,21,463,Ferst Dr. and Weber Building,2214,2026-09-21T16:23:18-04:00,2026-09-21T16:26:16-04:00,177.8
Emory,18,478,Baker Building on State St.,2304,2026-09-21T16:26:05-04:00,2026-09-21T16:26:28-04:00,23.0
Gold,29,409,Cherry Emerson,2303,2026-09-21T16:25:51-04:00,2026-09-21T16:26:35-04:00,44.4
Gold,29,407,Exhibition Hall,2306,2026-09-21T16:25:51-04:00,2026-09-21T16:26:48-04:00,57.3
Red,20,278,Techwood Dr & 5th St - South,2215,2026-09-21T16:24:51-04:00,2026-09-21T16:26:54-04:00,122.7
Clough,28,389,Technology Square EB,2302,2026-09-21T16:25:21-04:00,2026-09-21T16:27:00-04:00,99.0
Red,20,272,Paper Tricentennial,2207,2026-09-21T16:24:34-04:00,2026-09-21T16:27:12-04:00,158.1
Blue,21,305,Student Center,2214,2026-09-21T16:26:54-04:00,2026-09-21T16:27:36-04:00,41.9
Gold,29,410,Klaus Building EB,2303,2026-09-21T16:26:41-04:00,2026-09-21T16:27:42-04:00,61.1
Red,20,279,Techwood Dr & Bobby Dodd Way,2215,2026-09-21T16:27:00-04:00,2026-09-21T16:27:48-04:00,48.2
Green,17,213,Graduate Living Center,2216,2026-09-21T16:26:54-04:00,2026-09-21T16:27:54-04:00,60.1
Red,20,264,Brown Residence Hall,2210,2026-09-21T16:27:36-04:00,2026-09-21T16:28:21-04:00,44.8
Blue,21,301,Weber Building Loop,2204,2026-09-21T16:22:09-04:00,2026-09-21T16:28:21-04:00,371.2
Green,17,210,14th St & State St,2201,2026-09-21T16:28:02-04:00,2026-09-21T16:28:50-04:00,48.0
Clough,28,390,College of Business,2302,2026-09-21T16:27:18-04:00,2026-09-21T16:28:50-04:00,91.3
Red,20,265,Techwood Dr & Field Residence Hall,2210,2026-09-21T16:28:26-04:00,2026-09-21T16:29:02-04:00,35.3
Northside Dr. - Atlantic Station,26,364,MARTA Stop (17th & Village),2209,2026-09-21T16:27:12-04:00,2026-09-21T16:29:02-04:00,109.6
Gold,29,408,Ferst Dr & Hemphill Ave,2306,2026-09-21T16:27:48-04:00,2026-09-21T16:29:02-04:00,73.8
Gold,29,404,Publix at the Plaza,2307,2026-09-21T16:25:39-04:00,2026-09-21T16:29:02-04:00,202.7
Gold,29,399,5th Street Bridge EB,2303,2026-09-21T16:28:44-04:00,2026-09-21T16:29:14-04:00,29.5
Clough,28,395,Fowler Street SB,2301,2026-09-21T16:26:22-04:00,2026-09-21T16:29:19-04:00,177.7
Green,17,195,Baker Building,2216,2026-09-21T16:29:14-04:00,2026-09-21T16:29:31-04:00,17.7
Clough,28,391,Academy of Medicine,2302,2026-09-21T16:29:02-04:00,2026-09-21T16:29:44-04:00,42.4
Green,17,211,GTRI Conference Center,2201,2026-09-21T16:28:44-04:00,2026-09-21T16:29:50-04:00,65.5
Gold,29,400,Technology Square EB,2303,2026-09-21T16:29:31-04:00,2026-09-21T16:30:01-04:00,29.4
Red,20,280,COP & North Ave.,2215,2026-09-21T16:29:37-04:00,2026-09-21T16:30:24-04:00,46.9
Northside Dr. - Atlantic Station,26,365,MARTA Stop (17th & Bishop),2209,2026-09-21T16:29:02-04:00,2026-09-21T16:30:37-04:00,95.5
Red,20,266,Techwood & 5th  - North,2210,2026-09-21T16:29:55-04:00,2026-09-21T16:30:47-04:00,51.7
Emory,18,214,Cherry Emerson,2304,2026-09-21T16:30:18-04:00,2026-09-21T16:31:04-04:00,46.0
Blue,21,289,North Avenue Apts - To East Campus,2206,2026-09-21T16:25:27-04:00,2026-09-21T16:31:10-04:00,343.6
Gold,29,396,MARTA Midtown Station,2308,2026-09-21T16:29:19-04:00,2026-09-21T16:31:10-04:00,110.7
Green,17,196,Kendeda Building,2216,2026-09-21T16:29:31-04:00,2026-09-21T16:31:16-04:00,104.3
Blue,21,306,Exhibition Hall,2214,2026-09-21T16:28:21-04:00,2026-09-21T16:31:28-04:00,187.6
Gold,29,409,Cherry Emerson,2306,2026-09-21T16:30:18-04:00,2026-09-21T16:31:28-04:00,70.3
Red,20,267,Russ Chandler Stadium,2210,2026-09-21T16:30:53-04:00,2026-09-21T16:31:47-04:00,54.3
Clough,28,385,MARTA Midtown Station,2309,2026-09-21T16:29:08-04:00,2026-09-21T16:31:47-04:00,158.9
Emory,18,225,Klaus Building EB,2304,2026-09-21T16:31:10-04:00,2026-09-21T16:32:13-04:00,62.4
Green,17,208,Center St. Apartments & Hemphill Ave,2216,2026-09-21T16:32:06-04:00,2026-09-21T16:32:43-04:00,37.4
Blue,21,302,COP & North Ave.,2204,2026-09-21T16:32:06-04:00,2026-09-21T16:32:49-04:00,43.7
Gold,29,401,College of Business,2303,2026-09-21T16:31:16-04:00,2026-09-21T16:32:49-04:00,93.7
Green,17,212,McCamish & 10th St.,2201,2026-09-21T16:31:58-04:00,2026-09-21T16:32:55-04:00,56.8
Red,20,273,West Village,2207,2026-09-21T16:28:21-04:00,2026-09-21T16:33:02-04:00,281.5
Blue,21,303,Ferst Dr & Cherry St,2206,2026-09-21T16:32:25-04:00,2026-09-21T16:33:08-04:00,43.0
Gold,29,410,Klaus Building EB,2306,2026-09-21T16:31:41-04:00,2026-09-21T16:33:08-04:00,87.5
Gold,29,404,Publix at the Plaza,2308,2026-09-21T16:31:41-04:00,2026-09-21T16:33:08-04:00,87.5
Gold,29,397,Technology Square WB,2307,2026-09-21T16:32:06-04:00,2026-09-21T16:33:08-04:00,62.5
Red,20,268,Klaus Building WB,2210,2026-09-21T16:31:53-04:00,2026-09-21T16:33:14-04:00,81.9
Gold,29,402,Academy of Medicine,2303,2026-09-21T16:33:02-04:00,2026-09-21T16:33:31-04:00,29.4
Green,17,418,Georgia Tech Police Department,2216,2026-09-21T16:32:18-04:00,2026-09-21T16:33:37-04:00,78.7
Gold,29,398,5th Street Bridge WB,2307,2026-09-21T16:33:20-04:00,2026-09-21T16:34:07-04:00,46.5
Gold,29,399,5th Street Bridge EB,2306,2026-09-21T16:34:00-04:00,2026-09-21T16:34:18-04:00,17.4
Red,20,271,8th St & Hemphill Ave,2207,2026-09-21T16:33:26-04:00,2026-09-21T16:34:30-04:00,64.6
Blue,21,299,Fitten Hall,2214,2026-09-21T16:32:43-04:00,2026-09-21T16:34:47-04:00,123.9
Red,20,269,Nanotechnology,2210,2026-09-21T16:33:31-04:00,2026-09-21T16:35:00-04:00,88.0
Blue,21,289,North Avenue Apts - To East Campus,2204,2026-09-21T16:33:08-04:00,2026-09-21T16:35:05-04:00,116.8
Green,17,213,Graduate Living Center,2201,2026-09-21T16:34:12-04:00,2026-09-21T16:35:11-04:00,58.9
Clough,28,393,Publix at the Plaza,2309,2026-09-21T16:31:58-04:00,2026-09-21T16:35:17-04:00,198.3
Green,17,206,Hemphill Ave & Curran St,2216,2026-09-21T16:34:53-04:00,2026-09-21T16:35:40-04:00,47.6
Emory,18,215,10th St & MARTA EB,2304,2026-09-21T16:34:53-04:00,2026-09-21T16:35:40-04:00,47.6
Gold,29,400,Technology Square EB,2306,2026-09-21T16:34:47-04:00,2026-09-21T16:35:40-04:00,53.1
Red,20,275,Ferst Dr & Hemphill Ave,2207,2026-09-21T16:34:36-04:00,2026-09-21T16:35:46-04:00,70.0
Clough,28,392,Clough Commons,2301,2026-09-21T16:30:31-04:00,2026-09-21T16:35:57-04:00,326.2
Red,20,270,Kendeda Building,2210,2026-09-21T16:35:00-04:00,2026-09-21T16:36:03-04:00,63.5
Gold,29,411,Russ Chandler Stadium,2307,2026-09-21T16:34:12-04:00,2026-09-21T16:36:03-04:00,111.0
Red,20,250,North Avenue Apts - To West Campus,2215,2026-09-21T16:30:24-04:00,2026-09-21T16:36:28-04:00,363.7
Green,17,195,Baker Building,2201,2026-09-21T16:36:03-04:00,2026-09-21T16:36:44-04:00,41.4
Gold,29,412,Klaus Building WB,2307,2026-09-21T16:36:03-04:00,2026-09-21T16:37:07-04:00,64.3
Gold,29,397,Technology Square WB,2308,2026-09-21T16:35:57-04:00,2026-09-21T16:37:26-04:00,88.7
Red,20,274,Center St. Apartments & Hemphill Ave,2210,2026-09-21T16:36:39-04:00,2026-09-21T16:37:32-04:00,53.1
Red,20,276,Cherry Emerson,2207,2026-09-21T16:36:28-04:00,2026-09-21T16:37:51-04:00,83.3
Green,17,209,GT Competition Center (575 14th Street),2216,2026-09-21T16:37:51-04:00,2026-09-21T16:38:05-04:00,14.2
Green,17,196,Kendeda Building,2201,2026-09-21T16:36:56-04:00,2026-09-21T16:38:11-04:00,75.2
Clough,28,386,Technology Square WB,2309,2026-09-21T16:36:39-04:00,2026-09-21T16:38:11-04:00,91.9
Gold,29,398,5th Street Bridge WB,2308,2026-09-21T16:37:32-04:00,2026-09-21T16:38:11-04:00,38.8
Clough,28,385,MARTA Midtown Station,2302,2026-09-21T16:33:20-04:00,2026-09-21T16:38:16-04:00,296.3
Gold,29,413,Nanotechnology,2307,2026-09-21T16:37:26-04:00,2026-09-21T16:38:22-04:00,55.8
Red,20,264,Brown Residence Hall,2215,2026-09-21T16:37:51-04:00,2026-09-21T16:38:28-04:00,36.7
Northside Dr. - Atlantic Station,26,360,MARTA Stop Northside Dr. @ 10th St.,2209,2026-09-21T16:36:33-04:00,2026-09-21T16:38:47-04:00,133.2
Clough,28,394,Fowler Street NB,2301,2026-09-21T16:36:56-04:00,2026-09-21T16:38:47-04:00,111.0
Gold,29,401,College of Business,2306,2026-09-21T16:37:14-04:00,2026-09-21T16:38:52-04:00,97.9
Blue,21,303,Ferst Dr & Cherry St,2204,2026-09-21T16:38:11-04:00,2026-09-21T16:39:04-04:00,52.8
Red,20,277,Klaus Building EB,2207,2026-09-21T16:38:05-04:00,2026-09-21T16:39:26-04:00,81.2
Gold,29,402,Academy of Medicine,2306,2026-09-21T16:39:04-04:00,2026-09-21T16:39:26-04:00,22.7
Green,17,208,Center St. Apartments & Hemphill Ave,2201,2026-09-21T16:38:22-04:00,2026-09-21T16:39:38-04:00,76.3
Clough,28,388,5th Street Bridge EB,2301,2026-09-21T16:38:52-04:00,2026-09-21T16:39:38-04:00,46.1
Red,20,265,Techwood Dr & Field Residence Hall,2215,2026-09-21T16:38:40-04:00,2026-09-21T16:39:44-04:00,63.6
Gold,29,415,Kendeda Building,2307,2026-09-21T16:38:22-04:00,2026-09-21T16:39:44-04:00,81.8
Gold,29,396,MARTA Midtown Station,2303,2026-09-21T16:35:46-04:00,2026-09-21T16:39:55-04:00,249.2
Gold,29,411,Russ Chandler Stadium,2308,2026-09-21T16:38:16-04:00,2026-09-21T16:39:55-04:00,98.8
Clough,28,387,5th Street Bridge WB,2309,2026-09-21T16:39:21-04:00,2026-09-21T16:40:13-04:00,52.3
Green,17,418,Georgia Tech Police Department,2201,2026-09-21T16:39:04-04:00,2026-09-21T16:40:40-04:00,96.4
Green,17,210,14th St & State St,2216,2026-09-21T16:39:38-04:00,2026-09-21T16:40:46-04:00,67.6
Blue,21,463,Ferst Dr. and Weber Building,2204,2026-09-21T16:38:58-04:00,2026-09-21T16:40:53-04:00,115.0
Clough,28,393,Publix at the Plaza,2302,2026-09-21T16:38:47-04:00,2026-09-21T16:41:17-04:00,150.0
Red,20,266,Techwood & 5th  - North,2215,2026-09-21T16:40:13-04:00,2026-09-21T16:41:24-04:00,71.3
Gold,29,412,Klaus Building WB,2308,2026-09-21T16:40:01-04:00,2026-09-21T16:41:24-04:00,83.0
Clough,28,395,Fowler Street SB,2309,2026-09-21T16:40:27-04:00,2026-09-21T16:41:30-04:00,62.8
Red,20,272,Paper Tricentennial,2210,2026-09-21T16:37:38-04:00,2026-09-21T16:41:36-04:00,237.3
Green,17,206,Hemphill Ave & Curran St,2201,2026-09-21T16:41:00-04:00,2026-09-21T16:41:43-04:00,43.6
Green,17,211,GTRI Conference Center,2216,2026-09-21T16:40:40-04:00,2026-09-21T16:41:43-04:00,63.3
Emory,18,216,Piedmont Road EB,2304,2026-09-21T16:41:36-04:00,2026-09-21T16:41:55-04:00,18.9
Clough,28,389,Technology Square EB,2301,2026-09-21T16:40:13-04:00,2026-09-21T16:42:02-04:00,108.4
Red,20,278,Techwood Dr & 5th St - South,2207,2026-09-21T16:40:46-04:00,2026-09-21T16:42:08-04:00,81.8
Blue,21,305,Student Center,2204,2026-09-21T16:41:11-04:00,2026-09-21T16:42:08-04:00,56.5
Red,20,267,Russ Chandler Stadium,2215,2026-09-21T16:41:36-04:00,2026-09-21T16:42:37-04:00,61.1
Gold,29,416,Couch Park,2307,2026-09-21T16:39:55-04:00,2026-09-21T16:42:49-04:00,174.2
Green,17,209,GT Competition Center (575 14th Street),2201,2026-09-21T16:42:49-04:00,2026-09-21T16:43:06-04:00,16.9
Gold,29,404,Publix at the Plaza,2303,2026-09-21T16:40:40-04:00,2026-09-21T16:43:06-04:00,146.2
Gold,29,413,Nanotechnology,2308,2026-09-21T16:41:43-04:00,2026-09-21T16:43:06-04:00,82.9
Red,20,279,Techwood Dr & Bobby Dodd Way,2207,2026-09-21T16:42:19-04:00,2026-09-21T16:43:23-04:00,64.2
Clough,28,386,Technology Square WB,2302,2026-09-21T16:42:43-04:00,2026-09-21T16:43:51-04:00,68.0
Blue,21,282,West Village,2214,2026-09-21T16:36:22-04:00,2026-09-21T16:43:57-04:00,455.5
Blue,21,463,Ferst Dr. and Weber Building,2206,2026-09-21T16:33:08-04:00,2026-09-21T16:43:57-04:00,648.9
Red,20,268,Klaus Building WB,2215,2026-09-21T16:42:43-04:00,2026-09-21T16:44:03-04:00,80.0
Gold,29,415,Kendeda Building,2308,2026-09-21T16:43:06-04:00,2026-09-21T16:44:03-04:00,57.2
Blue,21,305,Student Center,2206,2026-09-21T16:44:03-04:00,2026-09-21T16:44:27-04:00,23.4
Blue,21,306,Exhibition Hall,2204,2026-09-21T16:43:01-04:00,2026-09-21T16:44:39-04:00,98.0
Clough,28,390,College of Business,2301,2026-09-21T16:43:12-04:00,2026-09-21T16:44:50-04:00,98.6
Clough,28,387,5th Street Bridge WB,2302,2026-09-21T16:44:03-04:00,2026-09-21T16:44:50-04:00,46.9
Green,17,212,McCamish & 10th St.,2216,2026-09-21T16:44:03-04:00,2026-09-21T16:44:56-04:00,52.5
Gold,29,396,MARTA Midtown Station,2306,2026-09-21T16:41:55-04:00,2026-09-21T16:45:01-04:00,186.8
Northside Dr. - Atlantic Station,26,358,Exhibition Hall,2209,2026-09-21T16:40:27-04:00,2026-09-21T16:45:19-04:00,292.0
Gold,29,397,Technology Square WB,2303,2026-09-21T16:44:15-04:00,2026-09-21T16:45:19-04:00,64.5
Green,17,213,Graduate Living Center,2216,2026-09-21T16:45:19-04:00,2026-09-21T16:45:32-04:00,12.3
Blue,21,283,8th St & Hemphill Ave,2214,2026-09-21T16:44:15-04:00,2026-09-21T16:45:32-04:00,76.8
Red,20,269,Nanotechnology,2215,2026-09-21T16:44:21-04:00,2026-09-21T16:45:44-04:00,83.7
Clough,28,391,Academy of Medicine,2301,2026-09-21T16:45:01-04:00,2026-09-21T16:45:44-04:00,42.8
Gold,29,417,CRC & Stamps Health,2307,2026-09-21T16:43:29-04:00,2026-09-21T16:45:56-04:00,147.4
Red,20,280,COP & North Ave.,2207,2026-09-21T16:45:32-04:00,2026-09-21T16:46:03-04:00,31.3
Gold,29,398,5th Street Bridge WB,2303,2026-09-21T16:45:25-04:00,2026-09-21T16:46:09-04:00,44.3
Clough,28,395,Fowler Street SB,2302,2026-09-21T16:45:01-04:00,2026-09-21T16:46:44-04:00,102.2
Red,20,270,Kendeda Building,2215,2026-09-21T16:45:44-04:00,2026-09-21T16:47:03-04:00,78.4
Red,20,273,West Village,2210,2026-09-21T16:42:43-04:00,2026-09-21T16:47:03-04:00,259.3
Blue,21,302,COP & North Ave.,2206,2026-09-21T16:46:21-04:00,2026-09-21T16:47:09-04:00,47.7
Gold,29,404,Publix at the Plaza,2306,2026-09-21T16:45:50-04:00,2026-09-21T16:47:09-04:00,78.8
Gold,29,416,Couch Park,2308,2026-09-21T16:45:19-04:00,2026-09-21T16:47:21-04:00,121.5
Gold,29,421,Ferst Drive & Student Center,2307,2026-09-21T16:46:38-04:00,2026-09-21T16:47:21-04:00,42.8
Blue,21,299,Fitten Hall,2204,2026-09-21T16:46:27-04:00,2026-09-21T16:47:27-04:00,60.4
Green,17,195,Baker Building,2216,2026-09-21T16:46:15-04:00,2026-09-21T16:47:39-04:00,83.2
Clough,28,392,Clough Commons,2309,2026-09-21T16:42:49-04:00,2026-09-21T16:47:39-04:00,289.1
Gold,29,411,Russ Chandler Stadium,2303,2026-09-21T16:46:21-04:00,2026-09-21T16:47:39-04:00,77.4
Blue,21,284,Couch Park,2214,2026-09-21T16:45:50-04:00,2026-09-21T16:47:58-04:00,128.5
Green,17,209,GT Competition Center (575 14th Street),2201,2026-09-21T16:43:29-04:00,2026-09-21T16:48:21-04:00,292.0
Red,20,250,North Avenue Apts - To West Campus,2207,2026-09-21T16:46:09-04:00,2026-09-21T16:48:21-04:00,131.8
Red,20,271,8th St & Hemphill Ave,2210,2026-09-21T16:47:21-04:00,2026-09-21T16:48:33-04:00,72.1
Gold,29,412,Klaus Building WB,2303,2026-09-21T16:47:39-04:00,2026-09-21T16:48:45-04:00,66.5
Northside Dr. - Atlantic Station,26,359,Center St. Apartments & Hemphill Ave,2209,2026-09-21T16:47:44-04:00,2026-09-21T16:49:15-04:00,90.9
Green,17,196,Kendeda Building,2216,2026-09-21T16:47:39-04:00,2026-09-21T16:49:21-04:00,102.5
Gold,29,419,Weber Loop,2307,2026-09-21T16:47:39-04:00,2026-09-21T16:49:21-04:00,102.5
Green,17,210,14th St & State St,2201,2026-09-21T16:48:57-04:00,2026-09-21T16:49:27-04:00,30.3
Clough,28,394,Fowler Street NB,2309,2026-09-21T16:48:39-04:00,2026-09-21T16:49:27-04:00,47.9
Gold,29,417,CRC & Stamps Health,2308,2026-09-21T16:48:21-04:00,2026-09-21T16:49:27-04:00,65.8
Red,20,274,Center St. Apartments & Hemphill Ave,2215,2026-09-21T16:48:33-04:00,2026-09-21T16:49:33-04:00,59.5
Clough,28,385,MARTA Midtown Station,2301,2026-09-21T16:47:27-04:00,2026-09-21T16:49:33-04:00,125.3
Blue,21,282,West Village,2204,2026-09-21T16:48:45-04:00,2026-09-21T16:49:50-04:00,65.3
Northside Dr. - Atlantic Station,26,487,Georgia Tech Police Department,2209,2026-09-21T16:49:15-04:00,2026-09-21T16:50:02-04:00,46.6
Clough,28,388,5th Street Bridge EB,2309,2026-09-21T16:49:39-04:00,2026-09-21T16:50:02-04:00,23.1
Green,17,211,GTRI Conference Center,2201,2026-09-21T16:49:21-04:00,2026-09-21T16:50:14-04:00,52.5
Red,20,264,Brown Residence Hall,2207,2026-09-21T16:49:50-04:00,2026-09-21T16:50:26-04:00,36.1
Red,20,275,Ferst Dr & Hemphill Ave,2210,2026-09-21T16:48:39-04:00,2026-09-21T16:50:26-04:00,107.5
Gold,29,421,Ferst Drive & Student Center,2308,2026-09-21T16:50:02-04:00,2026-09-21T16:50:26-04:00,24.7
Gold,29,413,Nanotechnology,2303,2026-09-21T16:49:21-04:00,2026-09-21T16:50:44-04:00,82.9
Gold,29,420,Student Center,2307,2026-09-21T16:49:50-04:00,2026-09-21T16:50:51-04:00,60.8
Red,20,272,Paper Tricentennial,2215,2026-09-21T16:49:50-04:00,2026-09-21T16:51:10-04:00,80.2
Blue,21,283,8th St & Hemphill Ave,2204,2026-09-21T16:50:08-04:00,2026-09-21T16:51:10-04:00,63.0
Blue,21,285,CRC & Stamps Health,2214,2026-09-21T16:49:08-04:00,2026-09-21T16:51:10-04:00,122.6
Gold,29,415,Kendeda Building,2303,2026-09-21T16:50:44-04:00,2026-09-21T16:51:10-04:00,26.5
Gold,29,397,Technology Square WB,2306,2026-09-21T16:50:02-04:00,2026-09-21T16:51:22-04:00,80.0
Red,20,265,Techwood Dr & Field Residence Hall,2207,2026-09-21T16:50:38-04:00,2026-09-21T16:51:39-04:00,60.9
Emory,18,217,Clifton Road at Wesley EB,2304,2026-09-21T16:51:22-04:00,2026-09-21T16:52:05-04:00,43.2
Gold,29,407,Exhibition Hall,2307,2026-09-21T16:51:22-04:00,2026-09-21T16:52:05-04:00,43.2
Blue,21,300,Ferst Drive & Student Center,2214,2026-09-21T16:51:45-04:00,2026-09-21T16:52:28-04:00,43.2
Gold,29,398,5th Street Bridge WB,2306,2026-09-21T16:51:27-04:00,2026-09-21T16:52:28-04:00,61.2
Red,20,276,Cherry Emerson,2210,2026-09-21T16:51:10-04:00,2026-09-21T16:52:40-04:00,89.5
Northside Dr. - Atlantic Station,26,362,MARTA Stop 10th St. @ Northside Dr.,2209,2026-09-21T16:50:57-04:00,2026-09-21T16:52:40-04:00,102.9
Blue,21,289,North Avenue Apts - To East Campus,2206,2026-09-21T16:47:14-04:00,2026-09-21T16:52:47-04:00,332.3
Green,17,212,McCamish & 10th St.,2201,2026-09-21T16:51:58-04:00,2026-09-21T16:53:04-04:00,65.8
Clough,28,389,Technology Square EB,2309,2026-09-21T16:50:51-04:00,2026-09-21T16:53:04-04:00,132.5
Clough,28,393,Publix at the Plaza,2301,2026-09-21T16:49:50-04:00,2026-09-21T16:53:10-04:00,199.3
Gold,29,411,Russ Chandler Stadium,2306,2026-09-21T16:52:35-04:00,2026-09-21T16:53:15-04:00,40.6
Red,20,266,Techwood & 5th  - North,2207,2026-09-21T16:52:11-04:00,2026-09-21T16:53:21-04:00,70.1
Clough,28,392,Clough Commons,2302,2026-09-21T16:47:52-04:00,2026-09-21T16:54:03-04:00,371.1
Green,17,208,Center St. Apartments & Hemphill Ave,2216,2026-09-21T16:50:20-04:00,2026-09-21T16:54:14-04:00,233.9
Red,20,267,Russ Chandler Stadium,2207,2026-09-21T16:53:26-04:00,2026-09-21T16:54:20-04:00,53.8
Blue,21,284,Couch Park,2204,2026-09-21T16:51:16-04:00,2026-09-21T16:54:20-04:00,184.0
Gold,29,412,Klaus Building WB,2306,2026-09-21T16:53:15-04:00,2026-09-21T16:54:20-04:00,65.0
Red,20,277,Klaus Building EB,2210,2026-09-21T16:52:58-04:00,2026-09-21T16:54:32-04:00,94.2
Green,17,209,GT Competition Center (575 14th Street),2216,2026-09-21T16:54:44-04:00,2026-09-21T16:55:02-04:00,18.0
Green,17,213,Graduate Living Center,2201,2026-09-21T16:54:14-04:00,2026-09-21T16:55:02-04:00,48.0
Clough,28,390,College of Business,2309,2026-09-21T16:53:15-04:00,2026-09-21T16:55:02-04:00,107.1
Blue,21,303,Ferst Dr & Cherry St,2206,2026-09-21T16:54:14-04:00,2026-09-21T16:55:08-04:00,53.6
Gold,29,413,Nanotechnology,2306,2026-09-21T16:54:38-04:00,2026-09-21T16:55:36-04:00,57.7
Red,20,268,Klaus Building WB,2207,2026-09-21T16:54:26-04:00,2026-09-21T16:55:42-04:00,75.9
Gold,29,416,Couch Park,2303,2026-09-21T16:51:39-04:00,2026-09-21T16:55:48-04:00,248.6
Clough,28,391,Academy of Medicine,2309,2026-09-21T16:55:08-04:00,2026-09-21T16:55:54-04:00,46.1
Gold,29,408,Ferst Dr & Hemphill Ave,2307,2026-09-21T16:54:38-04:00,2026-09-21T16:55:54-04:00,75.6
Northside Dr. - Atlantic Station,26,361,16th & Village St.,2209,2026-09-21T16:55:02-04:00,2026-09-21T16:56:01-04:00,59.2
Blue,21,463,Ferst Dr. and Weber Building,2206,2026-09-21T16:55:08-04:00,2026-09-21T16:56:19-04:00,71.5
Gold,29,415,Kendeda Building,2306,2026-09-21T16:55:36-04:00,2026-09-21T16:56:19-04:00,43.2
Green,17,195,Baker Building,2201,2026-09-21T16:55:25-04:00,2026-09-21T16:56:39-04:00,74.2
Green,17,209,GT Competition Center (575 14th Street),2216,2026-09-21T16:55:42-04:00,2026-09-21T16:56:39-04:00,57.2
Red,20,278,Techwood Dr & 5th St - South,2210,2026-09-21T16:55:25-04:00,2026-09-21T16:56:45-04:00,80.0
Red,20,269,Nanotechnology,2207,2026-09-21T16:55:54-04:00,2026-09-21T16:57:20-04:00,86.0
Blue,21,285,CRC & Stamps Health,2204,2026-09-21T16:56:01-04:00,2026-09-21T16:57:20-04:00,78.4
Red,20,273,West Village,2215,2026-09-21T16:52:17-04:00,2026-09-21T16:57:26-04:00,308.7
Blue,21,301,Weber Building Loop,2214,2026-09-21T16:52:52-04:00,2026-09-21T16:57:31-04:00,278.9
Blue,21,305,Student Center,2206,2026-09-21T16:56:51-04:00,2026-09-21T16:57:43-04:00,51.6
Clough,28,394,Fowler Street NB,2302,2026-09-21T16:56:45-04:00,2026-09-21T16:57:43-04:00,57.7
Gold,29,417,CRC & Stamps Health,2303,2026-09-21T16:56:26-04:00,2026-09-21T16:57:54-04:00,88.2
Red,20,279,Techwood Dr & Bobby Dodd Way,2210,2026-09-21T16:56:57-04:00,2026-09-21T16:58:08-04:00,70.4
Clough,28,386,Technology Square WB,2301,2026-09-21T16:56:45-04:00,2026-09-21T16:58:08-04:00,82.5
Northside Dr. - Atlantic Station,26,363,MARTA Stop (17th & State),2209,2026-09-21T16:56:57-04:00,2026-09-21T16:58:19-04:00,81.7
Red,20,270,Kendeda Building,2207,2026-09-21T16:57:20-04:00,2026-09-21T16:58:36-04:00,76.5
Red,20,271,8th St & Hemphill Ave,2215,2026-09-21T16:57:48-04:00,2026-09-21T16:58:36-04:00,48.3
Green,17,210,14th St & State St,2216,2026-09-21T16:57:14-04:00,2026-09-21T16:58:43-04:00,88.4
Blue,21,300,Ferst Drive & Student Center,2204,2026-09-21T16:58:01-04:00,2026-09-21T16:58:43-04:00,41.2
Gold,29,409,Cherry Emerson,2307,2026-09-21T16:56:51-04:00,2026-09-21T16:58:50-04:00,118.7
Green,17,196,Kendeda Building,2201,2026-09-21T16:56:45-04:00,2026-09-21T16:58:55-04:00,130.4
Gold,29,421,Ferst Drive & Student Center,2303,2026-09-21T16:58:30-04:00,2026-09-21T16:59:20-04:00,49.5
Blue,21,306,Exhibition Hall,2206,2026-09-21T16:58:13-04:00,2026-09-21T16:59:33-04:00,79.8
Clough,28,388,5th Street Bridge EB,2302,2026-09-21T16:58:55-04:00,2026-09-21T16:59:39-04:00,43.5
Green,17,211,GTRI Conference Center,2216,2026-09-21T16:58:36-04:00,2026-09-21T16:59:51-04:00,74.6
Gold,29,419,Weber Loop,2308,2026-09-21T16:51:03-04:00,2026-09-21T17:00:19-04:00,555.7
Gold,29,410,Klaus Building EB,2307,2026-09-21T16:58:55-04:00,2026-09-21T17:00:19-04:00,83.3
Blue,21,301,Weber Building Loop,2204,2026-09-21T16:59:08-04:00,2026-09-21T17:00:24-04:00,76.2
Red,20,275,Ferst Dr & Hemphill Ave,2215,2026-09-21T16:58:43-04:00,2026-09-21T17:00:36-04:00,113.4
Red,20,280,COP & North Ave.,2210,2026-09-21T16:59:39-04:00,2026-09-21T17:00:36-04:00,57.1
Clough,28,387,5th Street Bridge WB,2301,2026-09-21T16:59:20-04:00,2026-09-21T17:00:36-04:00,76.2
Gold,29,416,Couch Park,2306,2026-09-21T16:57:26-04:00,2026-09-21T17:00:50-04:00,204.4
Northside Dr. - Atlantic Station,26,364,MARTA Stop (17th & Village),2209,2026-09-21T16:59:45-04:00,2026-09-21T17:01:30-04:00,105.5
Gold,29,420,Student Center,2308,2026-09-21T17:00:50-04:00,2026-09-21T17:01:42-04:00,52.1
Blue,21,299,Fitten Hall,2206,2026-09-21T17:00:50-04:00,2026-09-21T17:01:48-04:00,58.0
Clough,28,385,MARTA Midtown Station,2309,2026-09-21T16:58:55-04:00,2026-09-21T17:02:06-04:00,190.1
Northside Dr. - Atlantic Station,26,365,MARTA Stop (17th & Bishop),2209,2026-09-21T17:01:36-04:00,2026-09-21T17:02:18-04:00,41.3
Clough,28,389,Technology Square EB,2302,2026-09-21T17:00:24-04:00,2026-09-21T17:02:25-04:00,120.4
Green,17,208,Center St. Apartments & Hemphill Ave,2201,2026-09-21T17:01:42-04:00,2026-09-21T17:02:31-04:00,48.6
Gold,29,399,5th Street Bridge EB,2307,2026-09-21T17:00:36-04:00,2026-09-21T17:02:42-04:00,126.4
Green,17,212,McCamish & 10th St.,2216,2026-09-21T17:01:59-04:00,2026-09-21T17:02:51-04:00,51.4
Green,17,213,Graduate Living Center,2216,2026-09-21T17:02:56-04:00,2026-09-21T17:03:10-04:00,13.6
Red,20,276,Cherry Emerson,2215,2026-09-21T17:01:36-04:00,2026-09-21T17:03:10-04:00,93.7
Gold,29,407,Exhibition Hall,2308,2026-09-21T17:02:12-04:00,2026-09-21T17:03:10-04:00,58.1
Gold,29,417,CRC & Stamps Health,2306,2026-09-21T17:01:25-04:00,2026-09-21T17:03:28-04:00,123.5
Red,20,250,North Avenue Apts - To West Campus,2210,2026-09-21T17:00:36-04:00,2026-09-21T17:03:41-04:00,185.1
Clough,28,395,Fowler Street SB,2301,2026-09-21T17:00:50-04:00,2026-09-21T17:04:06-04:00,196.2
Red,20,277,Klaus Building EB,2215,2026-09-21T17:03:22-04:00,2026-09-21T17:04:30-04:00,68.2
Green,17,418,Georgia Tech Police Department,2201,2026-09-21T17:02:12-04:00,2026-09-21T17:04:36-04:00,144.5
Gold,29,400,Technology Square EB,2307,2026-09-21T17:02:56-04:00,2026-09-21T17:04:42-04:00,105.8
Gold,29,421,Ferst Drive & Student Center,2306,2026-09-21T17:03:59-04:00,2026-09-21T17:04:48-04:00,49.2
Clough,28,390,College of Business,2302,2026-09-21T17:03:16-04:00,2026-09-21T17:04:54-04:00,98.3
Gold,29,419,Weber Loop,2303,2026-09-21T16:59:51-04:00,2026-09-21T17:04:54-04:00,303.4
Green,17,195,Baker Building,2216,2026-09-21T17:04:06-04:00,2026-09-21T17:05:00-04:00,53.9
Blue,21,302,COP & North Ave.,2214,2026-09-21T17:02:18-04:00,2026-09-21T17:05:07-04:00,169.5
Gold,29,408,Ferst Dr & Hemphill Ave,2308,2026-09-21T17:04:12-04:00,2026-09-21T17:05:13-04:00,60.8
Clough,28,391,Academy of Medicine,2302,2026-09-21T17:05:07-04:00,2026-09-21T17:05:42-04:00,34.8
Green,17,206,Hemphill Ave & Curran St,2201,2026-09-21T17:05:00-04:00,2026-09-21T17:05:54-04:00,54.5
Clough,28,393,Publix at the Plaza,2309,2026-09-21T17:02:42-04:00,2026-09-21T17:05:54-04:00,192.1
Red,20,264,Brown Residence Hall,2210,2026-09-21T17:05:36-04:00,2026-09-21T17:06:09-04:00,33.0
Gold,29,420,Student Center,2303,2026-09-21T17:05:19-04:00,2026-09-21T17:06:35-04:00,76.4
Blue,21,289,North Avenue Apts - To East Campus,2214,2026-09-21T17:05:13-04:00,2026-09-21T17:06:35-04:00,82.0
Gold,29,401,College of Business,2307,2026-09-21T17:05:07-04:00,2026-09-21T17:06:53-04:00,106.4
Gold,29,409,Cherry Emerson,2308,2026-09-21T17:05:42-04:00,2026-09-21T17:07:00-04:00,77.8
Green,17,209,GT Competition Center (575 14th Street),2201,2026-09-21T17:06:41-04:00,2026-09-21T17:07:06-04:00,25.9
Red,20,265,Techwood Dr & Field Residence Hall,2210,2026-09-21T17:06:21-04:00,2026-09-21T17:07:06-04:00,45.5
Blue,21,302,COP & North Ave.,2204,2026-09-21T17:07:06-04:00,2026-09-21T17:07:13-04:00,6.2
Northside Dr. - Atlantic Station,26,360,MARTA Stop Northside Dr. @ 10th St.,2209,2026-09-21T17:05:48-04:00,2026-09-21T17:07:39-04:00,110.9
Gold,29,402,Academy of Medicine,2307,2026-09-21T17:07:00-04:00,2026-09-21T17:07:39-04:00,39.5
Green,17,196,Kendeda Building,2216,2026-09-21T17:05:00-04:00,2026-09-21T17:07:56-04:00,176.2
Clough,28,392,Clough Commons,2301,2026-09-21T17:04:48-04:00,2026-09-21T17:08:02-04:00,194.4
Gold,29,407,Exhibition Hall,2303,2026-09-21T17:07:24-04:00,2026-09-21T17:08:02-04:00,38.1
Gold,29,410,Klaus Building EB,2308,2026-09-21T17:07:06-04:00,2026-09-21T17:08:09-04:00,62.7
Blue,21,289,North Avenue Apts - To East Campus,2204,2026-09-21T17:07:32-04:00,2026-09-21T17:09:02-04:00,90.4
Red,20,266,Techwood & 5th  - North,2210,2026-09-21T17:07:32-04:00,2026-09-21T17:09:21-04:00,108.8
Blue,21,282,West Village,2206,2026-09-21T17:02:51-04:00,2026-09-21T17:09:21-04:00,390.0
Green,17,208,Center St. Apartments & Hemphill Ave,2216,2026-09-21T17:08:38-04:00,2026-09-21T17:09:32-04:00,54.0
Clough,28,386,Technology Square WB,2309,2026-09-21T17:08:38-04:00,2026-09-21T17:09:32-04:00,54.0
Clough,28,394,Fowler Street NB,2301,2026-09-21T17:09:15-04:00,2026-09-21T17:09:49-04:00,33.9
Red,20,278,Techwood Dr & 5th St - South,2215,2026-09-21T17:06:35-04:00,2026-09-21T17:09:54-04:00,199.0
Green,17,209,GT Competition Center (575 14th Street),2201,2026-09-21T17:07:32-04:00,2026-09-21T17:10:23-04:00,171.7
Blue,21,283,8th St & Hemphill Ave,2206,2026-09-21T17:09:37-04:00,2026-09-21T17:10:23-04:00,46.1
Gold,29,419,Weber Loop,2306,2026-09-21T17:05:30-04:00,2026-09-21T17:10:29-04:00,299.6
Red,20,267,Russ Chandler Stadium,2210,2026-09-21T17:09:32-04:00,2026-09-21T17:10:42-04:00,70.6
Clough,28,385,MARTA Midtown Station,2302,2026-09-21T17:09:15-04:00,2026-09-21T17:10:42-04:00,87.7
Red,20,279,Techwood Dr & Bobby Dodd Way,2215,2026-09-21T17:10:12-04:00,2026-09-21T17:11:05-04:00,53.3
Clough,28,387,5th Street Bridge WB,2309,2026-09-21T17:09:43-04:00,2026-09-21T17:11:12-04:00,89.1
Green,17,418,Georgia Tech Police Department,2216,2026-09-21T17:09:26-04:00,2026-09-21T17:11:30-04:00,123.6
Blue,21,284,Couch Park,2206,2026-09-21T17:10:42-04:00,2026-09-21T17:11:30-04:00,47.4
Red,20,268,Klaus Building WB,2210,2026-09-21T17:10:42-04:00,2026-09-21T17:11:49-04:00,66.2
Northside Dr. - Atlantic Station,26,358,Exhibition Hall,2209,2026-09-21T17:09:32-04:00,2026-09-21T17:11:54-04:00,142.4
Gold,29,420,Student Center,2306,2026-09-21T17:10:54-04:00,2026-09-21T17:11:54-04:00,60.2
Clough,28,395,Fowler Street SB,2309,2026-09-21T17:11:23-04:00,2026-09-21T17:12:00-04:00,36.3
Gold,29,408,Ferst Dr & Hemphill Ave,2303,2026-09-21T17:09:43-04:00,2026-09-21T17:12:00-04:00,136.8
Gold,29,399,5th Street Bridge EB,2308,2026-09-21T17:10:29-04:00,2026-09-21T17:12:06-04:00,96.8
Gold,29,396,MARTA Midtown Station,2307,2026-09-21T17:09:37-04:00,2026-09-21T17:12:18-04:00,160.6
Green,17,210,14th St & State St,2201,2026-09-21T17:10:54-04:00,2026-09-21T17:12:46-04:00,112.3
Red,20,269,Nanotechnology,2210,2026-09-21T17:12:00-04:00,2026-09-21T17:12:58-04:00,58.1
Blue,21,285,CRC & Stamps Health,2206,2026-09-21T17:12:00-04:00,2026-09-21T17:13:05-04:00,65.3
Clough,28,388,5th Street Bridge EB,2301,2026-09-21T17:11:05-04:00,2026-09-21T17:13:11-04:00,125.4
Clough,28,393,Publix at the Plaza,2302,2026-09-21T17:11:00-04:00,2026-09-21T17:13:11-04:00,130.8
Green,17,206,Hemphill Ave & Curran St,2216,2026-09-21T17:12:52-04:00,2026-09-21T17:13:16-04:00,23.9
Blue,21,303,Ferst Dr & Cherry St,2204,2026-09-21T17:12:29-04:00,2026-09-21T17:13:16-04:00,47.0
Gold,29,407,Exhibition Hall,2306,2026-09-21T17:12:35-04:00,2026-09-21T17:13:16-04:00,41.2
Gold,29,409,Cherry Emerson,2303,2026-09-21T17:12:46-04:00,2026-09-21T17:13:45-04:00,58.2
Gold,29,400,Technology Square EB,2308,2026-09-21T17:12:18-04:00,2026-09-21T17:13:50-04:00,92.2
Red,20,270,Kendeda Building,2210,2026-09-21T17:12:58-04:00,2026-09-21T17:13:56-04:00,58.1
Green,17,211,GTRI Conference Center,2201,2026-09-21T17:12:46-04:00,2026-09-21T17:14:02-04:00,75.3
Blue,21,463,Ferst Dr. and Weber Building,2204,2026-09-21T17:13:11-04:00,2026-09-21T17:14:02-04:00,50.9
Northside Dr. - Atlantic Station,26,359,Center St. Apartments & Hemphill Ave,2209,2026-09-21T17:13:11-04:00,2026-09-21T17:14:15-04:00,64.2
Red,20,280,COP & North Ave.,2215,2026-09-21T17:13:33-04:00,2026-09-21T17:14:21-04:00,47.5
Blue,21,300,Ferst Drive & Student Center,2206,2026-09-21T17:13:45-04:00,2026-09-21T17:14:34-04:00,48.9
Green,17,209,GT Competition Center (575 14th Street),2216,2026-09-21T17:14:34-04:00,2026-09-21T17:14:40-04:00,6.7
Blue,21,305,Student Center,2204,2026-09-21T17:14:15-04:00,2026-09-21T17:14:57-04:00,41.7
Northside Dr. - Atlantic Station,26,487,Georgia Tech Police Department,2209,2026-09-21T17:14:15-04:00,2026-09-21T17:14:57-04:00,41.7
Clough,28,389,Technology Square EB,2301,2026-09-21T17:13:16-04:00,2026-09-21T17:15:18-04:00,122.0
Gold,29,410,Klaus Building EB,2303,2026-09-21T17:13:50-04:00,2026-09-21T17:15:18-04:00,88.0
Red,20,274,Center St. Apartments & Hemphill Ave,2210,2026-09-21T17:14:26-04:00,2026-09-21T17:15:25-04:00,58.5
Clough,28,386,Technology Square WB,2302,2026-09-21T17:14:26-04:00,2026-09-21T17:15:25-04:00,58.5
Blue,21,301,Weber Building Loop,2206,2026-09-21T17:14:51-04:00,2026-09-21T17:15:39-04:00,48.1
Gold,29,408,Ferst Dr & Hemphill Ave,2306,2026-09-21T17:15:18-04:00,2026-09-21T17:15:57-04:00,38.7
Clough,28,387,5th Street Bridge WB,2302,2026-09-21T17:15:31-04:00,2026-09-21T17:16:21-04:00,49.8
Green,17,212,McCamish & 10th St.,2201,2026-09-21T17:16:03-04:00,2026-09-21T17:16:39-04:00,35.8
Blue,21,306,Exhibition Hall,2204,2026-09-21T17:15:39-04:00,2026-09-21T17:16:45-04:00,66.2
Gold,29,401,College of Business,2308,2026-09-21T17:15:18-04:00,2026-09-21T17:16:53-04:00,94.7
Clough,28,390,College of Business,2301,2026-09-21T17:15:25-04:00,2026-09-21T17:17:05-04:00,100.0
Gold,29,399,5th Street Bridge EB,2303,2026-09-21T17:16:39-04:00,2026-09-21T17:17:05-04:00,25.9
Green,17,213,Graduate Living Center,2201,2026-09-21T17:16:45-04:00,2026-09-21T17:17:28-04:00,42.8
Gold,29,402,Academy of Medicine,2308,2026-09-21T17:16:58-04:00,2026-09-21T17:17:34-04:00,36.0
Gold,29,409,Cherry Emerson,2306,2026-09-21T17:16:39-04:00,2026-09-21T17:17:45-04:00,66.1
Gold,29,404,Publix at the Plaza,2308,2026-09-21T17:18:07-04:00,2026-09-21T17:18:14-04:00,6.1
Gold,29,404,Publix at the Plaza,2307,2026-09-21T17:12:41-04:00,2026-09-21T17:18:14-04:00,332.6
Clough,28,391,Academy of Medicine,2301,2026-09-21T17:17:45-04:00,2026-09-21T17:18:26-04:00,41.1
Emory,18,219,HSRB Emory,2304,2026-09-21T16:58:19-04:00,2026-09-21T17:18:33-04:00,1213.8
Green,17,195,Baker Building,2201,2026-09-21T17:18:01-04:00,2026-09-21T17:18:38-04:00,36.9
Red,20,250,North Avenue Apts - To West Campus,2215,2026-09-21T17:14:21-04:00,2026-09-21T17:18:38-04:00,257.6
Clough,28,395,Fowler Street SB,2302,2026-09-21T17:16:33-04:00,2026-09-21T17:18:38-04:00,125.1
Blue,21,299,Fitten Hall,2204,2026-09-21T17:17:56-04:00,2026-09-21T17:18:44-04:00,48.3
Gold,29,410,Klaus Building EB,2306,2026-09-21T17:17:51-04:00,2026-09-21T17:18:56-04:00,65.3
Northside Dr. - Atlantic Station,26,362,MARTA Stop 10th St. @ Northside Dr.,2209,2026-09-21T17:16:45-04:00,2026-09-21T17:19:08-04:00,142.3
Red,20,272,Paper Tricentennial,2210,2026-09-21T17:15:39-04:00,2026-09-21T17:19:38-04:00,238.9
Green,17,209,GT Competition Center (575 14th Street),2216,2026-09-21T17:15:45-04:00,2026-09-21T17:19:44-04:00,239.1
Clough,28,392,Clough Commons,2309,2026-09-21T17:12:46-04:00,2026-09-21T17:19:44-04:00,417.8
Gold,29,399,5th Street Bridge EB,2306,2026-09-21T17:19:26-04:00,2026-09-21T17:19:50-04:00,24.0
Green,17,196,Kendeda Building,2201,2026-09-21T17:18:44-04:00,2026-09-21T17:20:09-04:00,84.3
Red,20,264,Brown Residence Hall,2215,2026-09-21T17:19:38-04:00,2026-09-21T17:20:14-04:00,35.9
Gold,29,400,Technology Square EB,2303,2026-09-21T17:17:34-04:00,2026-09-21T17:20:14-04:00,159.8
Emory,18,220,Woodruff Circle Transit Hub,2304,2026-09-21T17:19:13-04:00,2026-09-21T17:20:41-04:00,88.2
Blue,21,282,West Village,2204,2026-09-21T17:19:44-04:00,2026-09-21T17:20:47-04:00,63.3
Green,17,210,14th St & State St,2216,2026-09-21T17:20:34-04:00,2026-09-21T17:21:18-04:00,44.1
Gold,29,396,MARTA Midtown Station,2308,2026-09-21T17:19:08-04:00,2026-09-21T17:21:18-04:00,130.4
Green,17,208,Center St. Apartments & Hemphill Ave,2201,2026-09-21T17:20:34-04:00,2026-09-21T17:21:24-04:00,50.2
Red,20,265,Techwood Dr & Field Residence Hall,2215,2026-09-21T17:20:34-04:00,2026-09-21T17:21:44-04:00,69.6
Blue,21,302,COP & North Ave.,2206,2026-09-21T17:20:26-04:00,2026-09-21T17:21:44-04:00,77.8
Blue,21,283,8th St & Hemphill Ave,2204,2026-09-21T17:20:59-04:00,2026-09-21T17:21:49-04:00,50.8
Clough,28,394,Fowler Street NB,2309,2026-09-21T17:20:41-04:00,2026-09-21T17:21:49-04:00,68.1
Green,17,211,GTRI Conference Center,2216,2026-09-21T17:21:12-04:00,2026-09-21T17:21:55-04:00,42.9
Green,17,418,Georgia Tech Police Department,2201,2026-09-21T17:20:53-04:00,2026-09-21T17:22:07-04:00,73.6
Red,20,273,West Village,2210,2026-09-21T17:20:53-04:00,2026-09-21T17:22:07-04:00,73.6
Clough,28,388,5th Street Bridge EB,2309,2026-09-21T17:21:55-04:00,2026-09-21T17:22:13-04:00,17.9
Clough,28,385,MARTA Midtown Station,2301,2026-09-21T17:21:06-04:00,2026-09-21T17:22:13-04:00,66.9
Gold,29,400,Technology Square EB,2306,2026-09-21T17:20:09-04:00,2026-09-21T17:22:13-04:00,124.3
Northside Dr. - Atlantic Station,26,361,16th & Village St.,2209,2026-09-21T17:22:07-04:00,2026-09-21T17:22:48-04:00,41.9
Gold,29,401,College of Business,2303,2026-09-21T17:21:12-04:00,2026-09-21T17:22:55-04:00,102.9
Red,20,271,8th St & Hemphill Ave,2210,2026-09-21T17:22:19-04:00,2026-09-21T17:23:01-04:00,42.0
Blue,21,284,Couch Park,2204,2026-09-21T17:22:00-04:00,2026-09-21T17:23:13-04:00,72.5
Green,17,206,Hemphill Ave & Curran St,2201,2026-09-21T17:22:42-04:00,2026-09-21T17:23:30-04:00,47.7
Gold,29,402,Academy of Medicine,2303,2026-09-21T17:23:06-04:00,2026-09-21T17:23:44-04:00,37.9
Red,20,266,Techwood & 5th  - North,2215,2026-09-21T17:22:36-04:00,2026-09-21T17:23:56-04:00,79.7
Gold,29,397,Technology Square WB,2307,2026-09-21T17:22:25-04:00,2026-09-21T17:24:12-04:00,107.5
Red,20,275,Ferst Dr & Hemphill Ave,2210,2026-09-21T17:23:06-04:00,2026-09-21T17:24:18-04:00,71.7
Green,17,209,GT Competition Center (575 14th Street),2201,2026-09-21T17:24:07-04:00,2026-09-21T17:24:41-04:00,34.2
Gold,29,401,College of Business,2306,2026-09-21T17:23:13-04:00,2026-09-21T17:24:53-04:00,100.5
Red,20,267,Russ Chandler Stadium,2215,2026-09-21T17:24:12-04:00,2026-09-21T17:24:59-04:00,47.1
Clough,28,393,Publix at the Plaza,2301,2026-09-21T17:22:42-04:00,2026-09-21T17:25:07-04:00,144.4
Gold,29,404,Publix at the Plaza,2308,2026-09-21T17:21:44-04:00,2026-09-21T17:25:07-04:00,203.3
Clough,28,392,Clough Commons,2302,2026-09-21T17:19:32-04:00,2026-09-21T17:25:12-04:00,340.8
Blue,21,285,CRC & Stamps Health,2204,2026-09-21T17:23:44-04:00,2026-09-21T17:25:30-04:00,105.9
Gold,29,402,Academy of Medicine,2306,2026-09-21T17:24:59-04:00,2026-09-21T17:25:42-04:00,42.8
Northside Dr. - Atlantic Station,26,363,MARTA Stop (17th & State),2209,2026-09-21T17:23:50-04:00,2026-09-21T17:25:53-04:00,123.7
Red,20,276,Cherry Emerson,2210,2026-09-21T17:24:59-04:00,2026-09-21T17:25:59-04:00,59.9
Emory,18,222,Clifton Road at Wesley WB,2304,2026-09-21T17:25:48-04:00,2026-09-21T17:26:06-04:00,18.6
Red,20,268,Klaus Building WB,2215,2026-09-21T17:25:07-04:00,2026-09-21T17:26:20-04:00,72.7
Gold,29,398,5th Street Bridge WB,2307,2026-09-21T17:25:18-04:00,2026-09-21T17:26:20-04:00,61.4
Green,17,212,McCamish & 10th St.,2216,2026-09-21T17:23:56-04:00,2026-09-21T17:26:31-04:00,154.9
Blue,21,300,Ferst Drive & Student Center,2204,2026-09-21T17:26:06-04:00,2026-09-21T17:26:37-04:00,30.4
Green,17,195,Baker Building,2216,2026-09-21T17:26:31-04:00,2026-09-21T17:26:54-04:00,22.8
Gold,29,397,Technology Square WB,2308,2026-09-21T17:26:20-04:00,2026-09-21T17:27:06-04:00,45.9
Northside Dr. - Atlantic Station,26,364,MARTA Stop (17th & Village),2209,2026-09-21T17:26:31-04:00,2026-09-21T17:27:11-04:00,40.1
Clough,28,389,Technology Square EB,2309,2026-09-21T17:22:42-04:00,2026-09-21T17:27:11-04:00,268.4
Red,20,277,Klaus Building EB,2210,2026-09-21T17:26:13-04:00,2026-09-21T17:27:29-04:00,76.1
Red,20,269,Nanotechnology,2215,2026-09-21T17:26:42-04:00,2026-09-21T17:27:52-04:00,69.6
Gold,29,411,Russ Chandler Stadium,2307,2026-09-21T17:26:25-04:00,2026-09-21T17:27:52-04:00,87.0
Blue,21,301,Weber Building Loop,2204,2026-09-21T17:26:59-04:00,2026-09-21T17:27:58-04:00,58.9
Blue,21,289,North Avenue Apts - To East Campus,2206,2026-09-21T17:22:00-04:00,2026-09-21T17:27:58-04:00,357.8
Clough,28,394,Fowler Street NB,2302,2026-09-21T17:26:37-04:00,2026-09-21T17:28:04-04:00,86.9
Northside Dr. - Atlantic Station,26,365,MARTA Stop (17th & Bishop),2209,2026-09-21T17:27:11-04:00,2026-09-21T17:28:15-04:00,64.1
Gold,29,398,5th Street Bridge WB,2308,2026-09-21T17:27:23-04:00,2026-09-21T17:28:27-04:00,64.1
Clough,28,388,5th Street Bridge EB,2302,2026-09-21T17:28:15-04:00,2026-09-21T17:28:50-04:00,35.4
Red,20,270,Kendeda Building,2215,2026-09-21T17:27:52-04:00,2026-09-21T17:29:03-04:00,70.8
Green,17,196,Kendeda Building,2216,2026-09-21T17:26:54-04:00,2026-09-21T17:29:10-04:00,136.3
Gold,29,412,Klaus Building WB,2307,2026-09-21T17:27:58-04:00,2026-09-21T17:29:27-04:00,88.3
Gold,29,396,MARTA Midtown Station,2303,2026-09-21T17:27:11-04:00,2026-09-21T17:29:32-04:00,141.2
Gold,29,396,MARTA Midtown Station,2306,2026-09-21T17:27:46-04:00,2026-09-21T17:29:38-04:00,112.4
Red,20,278,Techwood Dr & 5th St - South,2210,2026-09-21T17:28:45-04:00,2026-09-21T17:29:50-04:00,64.8
Green,17,208,Center St. Apartments & Hemphill Ave,2216,2026-09-21T17:29:15-04:00,2026-09-21T17:29:56-04:00,40.4
Green,17,209,GT Competition Center (575 14th Street),2201,2026-09-21T17:25:07-04:00,2026-09-21T17:30:02-04:00,294.9
Clough,28,390,College of Business,2309,2026-09-21T17:29:10-04:00,2026-09-21T17:30:49-04:00,99.0
Clough,28,386,Technology Square WB,2301,2026-09-21T17:30:22-04:00,2026-09-21T17:30:49-04:00,27.2
Clough,28,389,Technology Square EB,2302,2026-09-21T17:29:27-04:00,2026-09-21T17:30:49-04:00,82.2
Gold,29,404,Publix at the Plaza,2303,2026-09-21T17:29:44-04:00,2026-09-21T17:30:49-04:00,64.5
Red,20,274,Center St. Apartments & Hemphill Ave,2215,2026-09-21T17:29:38-04:00,2026-09-21T17:30:55-04:00,76.0
Red,20,279,Techwood Dr & Bobby Dodd Way,2210,2026-09-21T17:30:22-04:00,2026-09-21T17:30:55-04:00,32.8
Gold,29,404,Publix at the Plaza,2306,2026-09-21T17:29:50-04:00,2026-09-21T17:30:55-04:00,64.7
Blue,21,303,Ferst Dr & Cherry St,2206,2026-09-21T17:30:22-04:00,2026-09-21T17:31:10-04:00,48.5
Gold,29,413,Nanotechnology,2307,2026-09-21T17:29:44-04:00,2026-09-21T17:31:10-04:00,85.7
Clough,28,391,Academy of Medicine,2309,2026-09-21T17:30:55-04:00,2026-09-21T17:31:34-04:00,39.1
Green,17,210,14th St & State St,2201,2026-09-21T17:30:49-04:00,2026-09-21T17:31:41-04:00,52.3
Gold,29,411,Russ Chandler Stadium,2308,2026-09-21T17:28:45-04:00,2026-09-21T17:31:41-04:00,176.2
Gold,29,415,Kendeda Building,2307,2026-09-21T17:31:10-04:00,2026-09-21T17:31:41-04:00,31.0
Red,20,272,Paper Tricentennial,2215,2026-09-21T17:31:10-04:00,2026-09-21T17:31:47-04:00,37.0
Green,17,211,GTRI Conference Center,2201,2026-09-21T17:31:34-04:00,2026-09-21T17:32:29-04:00,55.8
Green,17,418,Georgia Tech Police Department,2216,2026-09-21T17:29:44-04:00,2026-09-21T17:32:35-04:00,170.9
Red,20,280,COP & North Ave.,2210,2026-09-21T17:31:41-04:00,2026-09-21T17:32:35-04:00,54.1
Clough,28,387,5th Street Bridge WB,2301,2026-09-21T17:31:21-04:00,2026-09-21T17:32:35-04:00,73.8
Blue,21,302,COP & North Ave.,2204,2026-09-21T17:32:05-04:00,2026-09-21T17:32:59-04:00,53.6
Gold,29,412,Klaus Building WB,2308,2026-09-21T17:31:41-04:00,2026-09-21T17:33:11-04:00,90.2
Gold,29,397,Technology Square WB,2306,2026-09-21T17:32:35-04:00,2026-09-21T17:33:31-04:00,55.4
Gold,29,398,5th Street Bridge WB,2306,2026-09-21T17:33:31-04:00,2026-09-21T17:33:48-04:00,17.8
Gold,29,416,Couch Park,2307,2026-09-21T17:32:29-04:00,2026-09-21T17:33:48-04:00,79.1
Green,17,206,Hemphill Ave & Curran St,2216,2026-09-21T17:32:59-04:00,2026-09-21T17:33:54-04:00,55.0
Blue,21,289,North Avenue Apts - To East Campus,2204,2026-09-21T17:33:11-04:00,2026-09-21T17:33:59-04:00,48.1
Northside Dr. - Atlantic Station,26,360,MARTA Stop Northside Dr. @ 10th St.,2209,2026-09-21T17:32:17-04:00,2026-09-21T17:34:18-04:00,121.1
Clough,28,395,Fowler Street SB,2301,2026-09-21T17:32:41-04:00,2026-09-21T17:34:18-04:00,96.9
Gold,29,413,Nanotechnology,2308,2026-09-21T17:33:31-04:00,2026-09-21T17:34:18-04:00,47.3
Green,17,209,GT Competition Center (575 14th Street),2216,2026-09-21T17:34:35-04:00,2026-09-21T17:34:46-04:00,11.2
Green,17,212,McCamish & 10th St.,2201,2026-09-21T17:33:59-04:00,2026-09-21T17:34:46-04:00,46.4
Blue,21,463,Ferst Dr. and Weber Building,2206,2026-09-21T17:31:01-04:00,2026-09-21T17:34:52-04:00,231.1
Gold,29,417,CRC & Stamps Health,2307,2026-09-21T17:34:18-04:00,2026-09-21T17:35:21-04:00,63.0
Gold,29,415,Kendeda Building,2308,2026-09-21T17:34:18-04:00,2026-09-21T17:35:32-04:00,73.9
Green,17,213,Graduate Living Center,2201,2026-09-21T17:34:58-04:00,2026-09-21T17:35:38-04:00,40.1
Gold,29,411,Russ Chandler Stadium,2306,2026-09-21T17:34:18-04:00,2026-09-21T17:35:44-04:00,85.7
Emory,18,223,Piedmont Road WB,2304,2026-09-21T17:35:44-04:00,2026-09-21T17:36:02-04:00,18.2
Blue,21,305,Student Center,2206,2026-09-21T17:34:58-04:00,2026-09-21T17:36:02-04:00,63.7
Green,17,195,Baker Building,2201,2026-09-21T17:36:08-04:00,2026-09-21T17:36:39-04:00,30.7
Gold,29,421,Ferst Drive & Student Center,2307,2026-09-21T17:35:50-04:00,2026-09-21T17:36:39-04:00,48.9
Gold,29,412,Klaus Building WB,2306,2026-09-21T17:35:50-04:00,2026-09-21T17:36:57-04:00,66.6
Blue,21,303,Ferst Dr & Cherry St,2204,2026-09-21T17:36:28-04:00,2026-09-21T17:37:10-04:00,41.8
Gold,29,419,Weber Loop,2307,2026-09-21T17:37:03-04:00,2026-09-21T17:37:26-04:00,22.9
Green,17,196,Kendeda Building,2201,2026-09-21T17:36:45-04:00,2026-09-21T17:37:32-04:00,47.5
Clough,28,385,MARTA Midtown Station,2309,2026-09-21T17:33:54-04:00,2026-09-21T17:37:38-04:00,224.3
Clough,28,392,Clough Commons,2301,2026-09-21T17:35:15-04:00,2026-09-21T17:37:38-04:00,142.8
Northside Dr. - Atlantic Station,26,358,Exhibition Hall,2209,2026-09-21T17:36:02-04:00,2026-09-21T17:37:56-04:00,113.7
Gold,29,416,Couch Park,2308,2026-09-21T17:36:02-04:00,2026-09-21T17:37:56-04:00,113.7
Blue,21,463,Ferst Dr. and Weber Building,2204,2026-09-21T17:37:03-04:00,2026-09-21T17:38:01-04:00,58.0
Gold,29,413,Nanotechnology,2306,2026-09-21T17:37:15-04:00,2026-09-21T17:38:14-04:00,58.9
Red,20,273,West Village,2215,2026-09-21T17:33:31-04:00,2026-09-21T17:38:38-04:00,307.3
Red,20,250,North Avenue Apts - To West Campus,2210,2026-09-21T17:32:35-04:00,2026-09-21T17:39:01-04:00,385.3
Clough,28,393,Publix at the Plaza,2309,2026-09-21T17:37:50-04:00,2026-09-21T17:39:06-04:00,76.7
Blue,21,305,Student Center,2204,2026-09-21T17:38:08-04:00,2026-09-21T17:39:12-04:00,64.0
Green,17,209,GT Competition Center (575 14th Street),2216,2026-09-21T17:35:32-04:00,2026-09-21T17:39:18-04:00,226.6
Gold,29,415,Kendeda Building,2306,2026-09-21T17:38:14-04:00,2026-09-21T17:39:18-04:00,64.5
Gold,29,417,CRC & Stamps Health,2308,2026-09-21T17:38:26-04:00,2026-09-21T17:39:30-04:00,64.3
Red,20,271,8th St & Hemphill Ave,2215,2026-09-21T17:39:01-04:00,2026-09-21T17:40:05-04:00,64.8
Blue,21,306,Exhibition Hall,2206,2026-09-21T17:36:33-04:00,2026-09-21T17:40:12-04:00,218.3
Northside Dr. - Atlantic Station,26,359,Center St. Apartments & Hemphill Ave,2209,2026-09-21T17:39:24-04:00,2026-09-21T17:40:24-04:00,59.4
Red,20,264,Brown Residence Hall,2210,2026-09-21T17:39:54-04:00,2026-09-21T17:40:33-04:00,39.0
Green,17,210,14th St & State St,2216,2026-09-21T17:40:00-04:00,2026-09-21T17:40:42-04:00,42.3
Gold,29,416,Couch Park,2306,2026-09-21T17:39:24-04:00,2026-09-21T17:41:00-04:00,95.5
Northside Dr. - Atlantic Station,26,487,Georgia Tech Police Department,2209,2026-09-21T17:40:24-04:00,2026-09-21T17:41:06-04:00,41.8
Clough,28,386,Technology Square WB,2309,2026-09-21T17:40:54-04:00,2026-09-21T17:41:13-04:00,18.7
Gold,29,420,Student Center,2307,2026-09-21T17:40:24-04:00,2026-09-21T17:41:18-04:00,54.6
Gold,29,421,Ferst Drive & Student Center,2308,2026-09-21T17:40:33-04:00,2026-09-21T17:41:24-04:00,50.9
Red,20,275,Ferst Dr & Hemphill Ave,2215,2026-09-21T17:40:18-04:00,2026-09-21T17:41:36-04:00,77.7
Green,17,211,GTRI Conference Center,2216,2026-09-21T17:40:42-04:00,2026-09-21T17:41:41-04:00,58.9
Red,20,265,Techwood Dr & Field Residence Hall,2210,2026-09-21T17:40:42-04:00,2026-09-21T17:41:58-04:00,76.2
Clough,28,385,MARTA Midtown Station,2302,2026-09-21T17:39:12-04:00,2026-09-21T17:42:11-04:00,179.1
Blue,21,306,Exhibition Hall,2204,2026-09-21T17:39:48-04:00,2026-09-21T17:42:17-04:00,149.0
Green,17,208,Center St. Apartments & Hemphill Ave,2201,2026-09-21T17:41:47-04:00,2026-09-21T17:42:29-04:00,41.9
Blue,21,299,Fitten Hall,2206,2026-09-21T17:41:24-04:00,2026-09-21T17:42:29-04:00,64.8
Emory,18,224,10th St & MARTA WB,2304,2026-09-21T17:41:29-04:00,2026-09-21T17:42:48-04:00,78.9
Clough,28,387,5th Street Bridge WB,2309,2026-09-21T17:42:04-04:00,2026-09-21T17:43:00-04:00,55.7
Green,17,418,Georgia Tech Police Department,2201,2026-09-21T17:42:17-04:00,2026-09-21T17:43:05-04:00,48.6
Red,20,276,Cherry Emerson,2215,2026-09-21T17:42:17-04:00,2026-09-21T17:43:41-04:00,83.6
Gold,29,407,Exhibition Hall,2307,2026-09-21T17:41:47-04:00,2026-09-21T17:43:52-04:00,125.3
Red,20,266,Techwood & 5th  - North,2210,2026-09-21T17:42:35-04:00,2026-09-21T17:43:58-04:00,83.3
Clough,28,395,Fowler Street SB,2309,2026-09-21T17:43:05-04:00,2026-09-21T17:44:04-04:00,58.2
Blue,21,282,West Village,2206,2026-09-21T17:43:29-04:00,2026-09-21T17:44:39-04:00,69.8
Green,17,212,McCamish & 10th St.,2216,2026-09-21T17:43:58-04:00,2026-09-21T17:44:44-04:00,46.5
Red,20,277,Klaus Building EB,2215,2026-09-21T17:43:52-04:00,2026-09-21T17:45:02-04:00,69.7
Blue,21,299,Fitten Hall,2204,2026-09-21T17:43:58-04:00,2026-09-21T17:45:02-04:00,64.0
Clough,28,393,Publix at the Plaza,2302,2026-09-21T17:42:48-04:00,2026-09-21T17:45:02-04:00,133.6
Red,20,267,Russ Chandler Stadium,2210,2026-09-21T17:44:09-04:00,2026-09-21T17:45:21-04:00,72.2
Blue,21,283,8th St & Hemphill Ave,2206,2026-09-21T17:44:44-04:00,2026-09-21T17:45:27-04:00,42.6
Green,17,206,Hemphill Ave & Curran St,2201,2026-09-21T17:44:44-04:00,2026-09-21T17:45:33-04:00,48.5
Green,17,213,Graduate Living Center,2216,2026-09-21T17:44:50-04:00,2026-09-21T17:45:33-04:00,43.1
Northside Dr. - Atlantic Station,26,362,MARTA Stop 10th St. @ Northside Dr.,2209,2026-09-21T17:42:48-04:00,2026-09-21T17:45:51-04:00,182.9
Gold,29,419,Weber Loop,2308,2026-09-21T17:41:52-04:00,2026-09-21T17:46:03-04:00,250.9
Green,17,209,GT Competition Center (575 14th Street),2201,2026-09-21T17:45:58-04:00,2026-09-21T17:46:23-04:00,25.3
Red,20,268,Klaus Building WB,2210,2026-09-21T17:45:27-04:00,2026-09-21T17:46:23-04:00,56.0
Gold,29,408,Ferst Dr & Hemphill Ave,2307,2026-09-21T17:44:50-04:00,2026-09-21T17:46:23-04:00,93.1
Blue,21,284,Couch Park,2206,2026-09-21T17:45:39-04:00,2026-09-21T17:46:36-04:00,56.9
Gold,29,417,CRC & Stamps Health,2306,2026-09-21T17:41:29-04:00,2026-09-21T17:46:48-04:00,319.2
Gold,29,420,Student Center,2308,2026-09-21T17:46:36-04:00,2026-09-21T17:47:18-04:00,42.2
Emory,18,478,Baker Building on State St.,2304,2026-09-21T17:47:06-04:00,2026-09-21T17:47:30-04:00,23.8
Clough,28,386,Technology Square WB,2302,2026-09-21T17:46:36-04:00,2026-09-21T17:47:30-04:00,54.2
Red,20,269,Nanotechnology,2210,2026-09-21T17:46:48-04:00,2026-09-21T17:47:42-04:00,53.5
Green,17,195,Baker Building,2216,2026-09-21T17:47:18-04:00,2026-09-21T17:47:47-04:00,29.2
Blue,21,285,CRC & Stamps Health,2206,2026-09-21T17:47:06-04:00,2026-09-21T17:47:59-04:00,52.5
Red,20,270,Kendeda Building,2210,2026-09-21T17:47:42-04:00,2026-09-21T17:48:11-04:00,28.6
Red,20,278,Techwood Dr & 5th St - South,2215,2026-09-21T17:46:03-04:00,2026-09-21T17:48:11-04:00,127.4
Gold,29,421,Ferst Drive & Student Center,2306,2026-09-21T17:47:25-04:00,2026-09-21T17:48:11-04:00,45.8
Gold,29,409,Cherry Emerson,2307,2026-09-21T17:47:06-04:00,2026-09-21T17:48:34-04:00,88.0
Clough,28,387,5th Street Bridge WB,2302,2026-09-21T17:47:42-04:00,2026-09-21T17:48:47-04:00,64.7
Blue,21,300,Ferst Drive & Student Center,2206,2026-09-21T17:48:29-04:00,2026-09-21T17:48:58-04:00,28.9
Northside Dr. - Atlantic Station,26,361,16th & Village St.,2209,2026-09-21T17:48:29-04:00,2026-09-21T17:49:16-04:00,47.3
Red,20,279,Techwood Dr & Bobby Dodd Way,2215,2026-09-21T17:48:29-04:00,2026-09-21T17:49:29-04:00,59.8
Gold,29,407,Exhibition Hall,2308,2026-09-21T17:48:04-04:00,2026-09-21T17:49:29-04:00,84.3
Clough,28,392,Clough Commons,2309,2026-09-21T17:44:50-04:00,2026-09-21T17:49:35-04:00,284.8
Gold,29,410,Klaus Building EB,2307,2026-09-21T17:48:41-04:00,2026-09-21T17:49:57-04:00,76.5
Red,20,274,Center St. Apartments & Hemphill Ave,2210,2026-09-21T17:49:04-04:00,2026-09-21T17:50:16-04:00,71.2
Clough,28,395,Fowler Street SB,2302,2026-09-21T17:48:58-04:00,2026-09-21T17:50:34-04:00,96.2
Blue,21,282,West Village,2204,2026-09-21T17:46:16-04:00,2026-09-21T17:50:49-04:00,273.1
Northside Dr. - Atlantic Station,26,363,MARTA Stop (17th & State),2209,2026-09-21T17:50:28-04:00,2026-09-21T17:50:54-04:00,25.9
Clough,28,394,Fowler Street NB,2309,2026-09-21T17:50:28-04:00,2026-09-21T17:51:00-04:00,31.3
Blue,21,283,8th St & Hemphill Ave,2204,2026-09-21T17:50:54-04:00,2026-09-21T17:51:24-04:00,29.7
Clough,28,388,5th Street Bridge EB,2309,2026-09-21T17:51:13-04:00,2026-09-21T17:51:24-04:00,11.0
Gold,29,399,5th Street Bridge EB,2307,2026-09-21T17:51:18-04:00,2026-09-21T17:51:40-04:00,22.0
Gold,29,408,Ferst Dr & Hemphill Ave,2308,2026-09-21T17:51:00-04:00,2026-09-21T17:52:03-04:00,63.6
Red,20,280,COP & North Ave.,2215,2026-09-21T17:51:30-04:00,2026-09-21T17:52:16-04:00,46.9
Green,17,209,GT Competition Center (575 14th Street),2201,2026-09-21T17:46:42-04:00,2026-09-21T17:52:22-04:00,340.1
Northside Dr. - Atlantic Station,26,364,MARTA Stop (17th & Village),2209,2026-09-21T17:51:46-04:00,2026-09-21T17:52:34-04:00,47.4
Blue,21,284,Couch Park,2204,2026-09-21T17:51:40-04:00,2026-09-21T17:52:39-04:00,58.9
Gold,29,419,Weber Loop,2306,2026-09-21T17:48:34-04:00,2026-09-21T17:52:39-04:00,245.1
Blue,21,301,Weber Building Loop,2206,2026-09-21T17:49:16-04:00,2026-09-21T17:52:57-04:00,220.4
Clough,28,389,Technology Square EB,2309,2026-09-21T17:51:52-04:00,2026-09-21T17:53:02-04:00,70.4
Green,17,210,14th St & State St,2201,2026-09-21T17:53:02-04:00,2026-09-21T17:53:31-04:00,28.5
Northside Dr. - Atlantic Station,26,365,MARTA Stop (17th & Bishop),2209,2026-09-21T17:52:34-04:00,2026-09-21T17:53:31-04:00,56.9
Green,17,196,Kendeda Building,2216,2026-09-21T17:47:59-04:00,2026-09-21T17:53:37-04:00,337.8
Gold,29,409,Cherry Emerson,2308,2026-09-21T17:52:51-04:00,2026-09-21T17:54:00-04:00,69.2
Green,17,208,Center St. Apartments & Hemphill Ave,2216,2026-09-21T17:53:37-04:00,2026-09-21T17:54:06-04:00,29.6
Green,17,211,GTRI Conference Center,2201,2026-09-21T17:53:25-04:00,2026-09-21T17:54:12-04:00,46.9
Gold,29,400,Technology Square EB,2307,2026-09-21T17:52:11-04:00,2026-09-21T17:54:12-04:00,121.0
Gold,29,420,Student Center,2306,2026-09-21T17:53:19-04:00,2026-09-21T17:54:24-04:00,64.6
Blue,21,285,CRC & Stamps Health,2204,2026-09-21T17:53:08-04:00,2026-09-21T17:54:48-04:00,100.5
Green,17,418,Georgia Tech Police Department,2216,2026-09-21T17:54:00-04:00,2026-09-21T17:55:01-04:00,60.8
Clough,28,390,College of Business,2309,2026-09-21T17:53:19-04:00,2026-09-21T17:55:07-04:00,107.4
Red,20,272,Paper Tricentennial,2210,2026-09-21T17:50:28-04:00,2026-09-21T17:55:38-04:00,309.9
Gold,29,407,Exhibition Hall,2306,2026-09-21T17:55:01-04:00,2026-09-21T17:55:38-04:00,37.2
Gold,29,410,Klaus Building EB,2308,2026-09-21T17:54:24-04:00,2026-09-21T17:55:50-04:00,86.0
Blue,21,300,Ferst Drive & Student Center,2204,2026-09-21T17:55:32-04:00,2026-09-21T17:56:08-04:00,35.7
Clough,28,391,Academy of Medicine,2309,2026-09-21T17:55:44-04:00,2026-09-21T17:56:27-04:00,43.1
Green,17,212,McCamish & 10th St.,2201,2026-09-21T17:56:02-04:00,2026-09-21T17:56:34-04:00,31.4
Red,20,250,North Avenue Apts - To West Campus,2215,2026-09-21T17:52:22-04:00,2026-09-21T17:56:39-04:00,256.8
Gold,29,401,College of Business,2307,2026-09-21T17:55:13-04:00,2026-09-21T17:56:50-04:00,97.0
Clough,28,392,Clough Commons,2302,2026-09-21T17:51:30-04:00,2026-09-21T17:57:08-04:00,338.4
Green,17,206,Hemphill Ave & Curran St,2216,2026-09-21T17:56:50-04:00,2026-09-21T17:57:21-04:00,30.6
Blue,21,302,COP & North Ave.,2206,2026-09-21T17:56:34-04:00,2026-09-21T17:57:32-04:00,58.4
Blue,21,301,Weber Building Loop,2204,2026-09-21T17:56:34-04:00,2026-09-21T17:57:38-04:00,64.2
Gold,29,402,Academy of Medicine,2307,2026-09-21T17:57:02-04:00,2026-09-21T17:57:38-04:00,35.4
Northside Dr. - Atlantic Station,26,360,MARTA Stop Northside Dr. @ 10th St.,2209,2026-09-21T17:56:02-04:00,2026-09-21T17:57:56-04:00,113.8
Gold,29,399,5th Street Bridge EB,2308,2026-09-21T17:56:39-04:00,2026-09-21T17:58:08-04:00,89.1
Green,17,213,Graduate Living Center,2201,2026-09-21T17:57:08-04:00,2026-09-21T17:58:22-04:00,73.7
Red,20,264,Brown Residence Hall,2215,2026-09-21T17:57:50-04:00,2026-09-21T17:58:22-04:00,31.7
Clough,28,394,Fowler Street NB,2302,2026-09-21T17:58:08-04:00,2026-09-21T17:58:51-04:00,42.6
Gold,29,408,Ferst Dr & Hemphill Ave,2306,2026-09-21T17:57:21-04:00,2026-09-21T17:58:56-04:00,95.6
Green,17,209,GT Competition Center (575 14th Street),2216,2026-09-21T17:58:38-04:00,2026-09-21T17:59:08-04:00,29.6
Red,20,265,Techwood Dr & Field Residence Hall,2215,2026-09-21T17:58:33-04:00,2026-09-21T17:59:13-04:00,40.6
Clough,28,388,5th Street Bridge EB,2302,2026-09-21T17:59:02-04:00,2026-09-21T17:59:44-04:00,41.4
Green,17,195,Baker Building,2201,2026-09-21T17:59:08-04:00,2026-09-21T17:59:49-04:00,41.4
Emory,18,214,Cherry Emerson,2304,2026-09-21T17:59:20-04:00,2026-09-21T18:00:50-04:00,90.3
Red,20,273,West Village,2210,2026-09-21T17:56:45-04:00,2026-09-21T18:00:50-04:00,245.5
Gold,29,409,Cherry Emerson,2306,2026-09-21T17:59:26-04:00,2026-09-21T18:00:56-04:00,90.5
Blue,21,289,North Avenue Apts - To East Campus,2206,2026-09-21T17:57:50-04:00,2026-09-21T18:01:02-04:00,192.3
Gold,29,400,Technology Square EB,2308,2026-09-21T17:58:45-04:00,2026-09-21T18:01:02-04:00,137.4
Red,20,266,Techwood & 5th  - North,2215,2026-09-21T17:59:49-04:00,2026-09-21T18:01:14-04:00,84.8
Clough,28,389,Technology Square EB,2302,2026-09-21T18:00:20-04:00,2026-09-21T18:01:33-04:00,72.8
Red,20,271,8th St & Hemphill Ave,2210,2026-09-21T18:00:56-04:00,2026-09-21T18:01:44-04:00,47.9
Emory,18,225,Klaus Building EB,2304,2026-09-21T18:01:02-04:00,2026-09-21T18:02:13-04:00,71.0
Gold,29,410,Klaus Building EB,2306,2026-09-21T18:01:02-04:00,2026-09-21T18:02:32-04:00,89.9
Northside Dr. - Atlantic Station,26,358,Exhibition Hall,2209,2026-09-21T17:59:38-04:00,2026-09-21T18:02:43-04:00,185.3
Red,20,275,Ferst Dr & Hemphill Ave,2210,2026-09-21T18:01:50-04:00,2026-09-21T18:02:49-04:00,59.6
Gold,29,401,College of Business,2308,2026-09-21T18:01:14-04:00,2026-09-21T18:02:49-04:00,94.9
Blue,21,303,Ferst Dr & Cherry St,2206,2026-09-21T18:02:19-04:00,2026-09-21T18:02:55-04:00,35.5
Red,20,267,Russ Chandler Stadium,2215,2026-09-21T18:01:26-04:00,2026-09-21T18:03:00-04:00,94.4
Green,17,209,GT Competition Center (575 14th Street),2216,2026-09-21T17:59:49-04:00,2026-09-21T18:03:12-04:00,203.1
Blue,21,302,COP & North Ave.,2204,2026-09-21T18:02:26-04:00,2026-09-21T18:03:12-04:00,46.6
Green,17,196,Kendeda Building,2201,2026-09-21T17:59:55-04:00,2026-09-21T18:03:47-04:00,231.6
Gold,29,402,Academy of Medicine,2308,2026-09-21T18:03:00-04:00,2026-09-21T18:03:47-04:00,46.5
Blue,21,463,Ferst Dr. and Weber Building,2206,2026-09-21T18:02:49-04:00,2026-09-21T18:04:09-04:00,80.3
Gold,29,399,5th Street Bridge EB,2306,2026-09-21T18:03:23-04:00,2026-09-21T18:04:09-04:00,45.9
Red,20,276,Cherry Emerson,2210,2026-09-21T18:03:23-04:00,2026-09-21T18:04:16-04:00,52.1
Blue,21,289,North Avenue Apts - To East Campus,2204,2026-09-21T18:03:29-04:00,2026-09-21T18:04:27-04:00,57.5
Red,20,268,Klaus Building WB,2215,2026-09-21T18:03:06-04:00,2026-09-21T18:04:33-04:00,86.8
Clough,28,385,MARTA Midtown Station,2309,2026-09-21T17:59:38-04:00,2026-09-21T18:04:39-04:00,300.5
Green,17,210,14th St & State St,2216,2026-09-21T18:03:47-04:00,2026-09-21T18:04:50-04:00,63.3
Clough,28,390,College of Business,2302,2026-09-21T18:03:06-04:00,2026-09-21T18:04:50-04:00,103.7
Gold,29,396,MARTA Midtown Station,2307,2026-09-21T17:59:55-04:00,2026-09-21T18:05:02-04:00,307.1
Northside Dr. - Atlantic Station,26,359,Center St. Apartments & Hemphill Ave,2209,2026-09-21T18:04:16-04:00,2026-09-21T18:05:13-04:00,57.5
Blue,21,305,Student Center,2206,2026-09-21T18:04:21-04:00,2026-09-21T18:05:19-04:00,58.0
Green,17,208,Center St. Apartments & Hemphill Ave,2201,2026-09-21T18:04:27-04:00,2026-09-21T18:05:31-04:00,64.7
Gold,29,400,Technology Square EB,2306,2026-09-21T18:04:16-04:00,2026-09-21T18:05:31-04:00,75.8
Red,20,277,Klaus Building EB,2210,2026-09-21T18:04:27-04:00,2026-09-21T18:05:38-04:00,71.1
Clough,28,391,Academy of Medicine,2302,2026-09-21T18:05:08-04:00,2026-09-21T18:05:49-04:00,41.4
Northside Dr. - Atlantic Station,26,487,Georgia Tech Police Department,2209,2026-09-21T18:05:13-04:00,2026-09-21T18:06:07-04:00,54.2
Green,17,211,GTRI Conference Center,2216,2026-09-21T18:04:44-04:00,2026-09-21T18:06:26-04:00,101.9
Green,17,418,Georgia Tech Police Department,2201,2026-09-21T18:05:19-04:00,2026-09-21T18:06:38-04:00,79.1
Red,20,269,Nanotechnology,2215,2026-09-21T18:04:56-04:00,2026-09-21T18:06:50-04:00,113.5
Blue,21,303,Ferst Dr & Cherry St,2204,2026-09-21T18:06:07-04:00,2026-09-21T18:07:02-04:00,54.8
Red,20,278,Techwood Dr & 5th St - South,2210,2026-09-21T18:06:14-04:00,2026-09-21T18:07:09-04:00,54.7
Clough,28,393,Publix at the Plaza,2309,2026-09-21T18:04:44-04:00,2026-09-21T18:07:09-04:00,144.3
Blue,21,306,Exhibition Hall,2206,2026-09-21T18:05:55-04:00,2026-09-21T18:07:15-04:00,80.1
Emory,18,215,10th St & MARTA EB,2304,2026-09-21T18:06:50-04:00,2026-09-21T18:07:45-04:00,55.0
Red,20,270,Kendeda Building,2215,2026-09-21T18:06:50-04:00,2026-09-21T18:07:51-04:00,61.1
Blue,21,463,Ferst Dr. and Weber Building,2204,2026-09-21T18:06:56-04:00,2026-09-21T18:07:56-04:00,60.0
Green,17,206,Hemphill Ave & Curran St,2201,2026-09-21T18:07:15-04:00,2026-09-21T18:08:03-04:00,47.5
Red,20,279,Techwood Dr & Bobby Dodd Way,2210,2026-09-21T18:07:26-04:00,2026-09-21T18:08:27-04:00,61.2
Northside Dr. - Atlantic Station,26,362,MARTA Stop 10th St. @ Northside Dr.,2209,2026-09-21T18:07:02-04:00,2026-09-21T18:08:40-04:00,97.8
Blue,21,305,Student Center,2204,2026-09-21T18:08:21-04:00,2026-09-21T18:08:47-04:00,25.8
Gold,29,401,College of Business,2306,2026-09-21T18:07:09-04:00,2026-09-21T18:08:52-04:00,103.8
Green,17,212,McCamish & 10th St.,2216,2026-09-21T18:08:03-04:00,2026-09-21T18:09:09-04:00,66.7
Green,17,209,GT Competition Center (575 14th Street),2201,2026-09-21T18:08:47-04:00,2026-09-21T18:09:17-04:00,30.0
Red,20,274,Center St. Apartments & Hemphill Ave,2215,2026-09-21T18:08:27-04:00,2026-09-21T18:09:28-04:00,60.7
Blue,21,299,Fitten Hall,2206,2026-09-21T18:08:33-04:00,2026-09-21T18:09:46-04:00,72.5
Gold,29,402,Academy of Medicine,2306,2026-09-21T18:09:04-04:00,2026-09-21T18:09:46-04:00,42.4
Red,20,280,COP & North Ave.,2210,2026-09-21T18:09:39-04:00,2026-09-21T18:10:23-04:00,43.8
Red,20,272,Paper Tricentennial,2215,2026-09-21T18:09:39-04:00,2026-09-21T18:10:48-04:00,69.2
Northside Dr. - Atlantic Station,26,361,16th & Village St.,2209,2026-09-21T18:10:04-04:00,2026-09-21T18:10:48-04:00,44.6
Green,17,213,Graduate Living Center,2216,2026-09-21T18:10:17-04:00,2026-09-21T18:11:11-04:00,54.2
Clough,28,386,Technology Square WB,2309,2026-09-21T18:09:51-04:00,2026-09-21T18:11:11-04:00,79.8
Blue,21,306,Exhibition Hall,2204,2026-09-21T18:09:28-04:00,2026-09-21T18:11:24-04:00,115.8
Clough,28,385,MARTA Midtown Station,2302,2026-09-21T18:09:04-04:00,2026-09-21T18:12:06-04:00,182.5
Blue,21,282,West Village,2206,2026-09-21T18:11:11-04:00,2026-09-21T18:12:26-04:00,74.5
Green,17,195,Baker Building,2216,2026-09-21T18:11:30-04:00,2026-09-21T18:12:37-04:00,66.5
Clough,28,387,5th Street Bridge WB,2309,2026-09-21T18:11:24-04:00,2026-09-21T18:12:37-04:00,72.7
Blue,21,299,Fitten Hall,2204,2026-09-21T18:12:31-04:00,2026-09-21T18:13:19-04:00,47.9
Northside Dr. - Atlantic Station,26,363,MARTA Stop (17th & State),2209,2026-09-21T18:12:20-04:00,2026-09-21T18:13:25-04:00,64.4
Blue,21,283,8th St & Hemphill Ave,2206,2026-09-21T18:12:31-04:00,2026-09-21T18:13:30-04:00,59.1
Clough,28,395,Fowler Street SB,2309,2026-09-21T18:12:55-04:00,2026-09-21T18:13:37-04:00,41.7
Green,17,196,Kendeda Building,2216,2026-09-21T18:12:50-04:00,2026-09-21T18:14:17-04:00,87.7
Green,17,209,GT Competition Center (575 14th Street),2201,2026-09-21T18:09:46-04:00,2026-09-21T18:14:17-04:00,271.5
Northside Dr. - Atlantic Station,26,364,MARTA Stop (17th & Village),2209,2026-09-21T18:13:37-04:00,2026-09-21T18:14:23-04:00,46.0
Emory,18,216,Piedmont Road EB,2304,2026-09-21T18:13:54-04:00,2026-09-21T18:14:40-04:00,46.1
Blue,21,284,Couch Park,2206,2026-09-21T18:13:37-04:00,2026-09-21T18:14:47-04:00,70.3
Red,20,250,North Avenue Apts - To West Campus,2210,2026-09-21T18:10:28-04:00,2026-09-21T18:15:20-04:00,291.6
Blue,21,282,West Village,2204,2026-09-21T18:14:47-04:00,2026-09-21T18:15:44-04:00,56.8
Blue,21,285,CRC & Stamps Health,2206,2026-09-21T18:15:20-04:00,2026-09-21T18:16:15-04:00,55.1
Green,17,210,14th St & State St,2201,2026-09-21T18:15:20-04:00,2026-09-21T18:16:33-04:00,73.3
Gold,29,404,Publix at the Plaza,2307,2026-09-21T18:05:49-04:00,2026-09-21T18:17:04-04:00,675.0
Red,20,273,West Village,2215,2026-09-21T18:11:49-04:00,2026-09-21T18:17:09-04:00,320.6
Blue,21,283,8th St & Hemphill Ave,2204,2026-09-21T18:16:09-04:00,2026-09-21T18:17:09-04:00,60.9
Clough,28,393,Publix at the Plaza,2302,2026-09-21T18:12:50-04:00,2026-09-21T18:17:09-04:00,259.7
Gold,29,396,MARTA Midtown Station,2308,2026-09-21T18:07:02-04:00,2026-09-21T18:17:15-04:00,612.7
Blue,21,300,Ferst Drive & Student Center,2206,2026-09-21T18:16:46-04:00,2026-09-21T18:17:21-04:00,34.9
Northside Dr. - Atlantic Station,26,365,MARTA Stop (17th & Bishop),2209,2026-09-21T18:14:23-04:00,2026-09-21T18:18:02-04:00,219.5
Red,20,264,Brown Residence Hall,2210,2026-09-21T18:17:33-04:00,2026-09-21T18:18:09-04:00,36.5
Blue,21,284,Couch Park,2204,2026-09-21T18:17:15-04:00,2026-09-21T18:18:09-04:00,54.3
Green,17,211,GTRI Conference Center,2201,2026-09-21T18:16:33-04:00,2026-09-21T18:18:21-04:00,107.9
Red,20,271,8th St & Hemphill Ave,2215,2026-09-21T18:17:33-04:00,2026-09-21T18:18:45-04:00,72.1
Green,17,208,Center St. Apartments & Hemphill Ave,2216,2026-09-21T18:17:55-04:00,2026-09-21T18:18:51-04:00,55.4
Clough,28,392,Clough Commons,2309,2026-09-21T18:14:34-04:00,2026-09-21T18:18:51-04:00,256.5
Red,20,265,Techwood Dr & Field Residence Hall,2210,2026-09-21T18:18:21-04:00,2026-09-21T18:19:13-04:00,52.1
Blue,21,285,CRC & Stamps Health,2204,2026-09-21T18:18:34-04:00,2026-09-21T18:19:31-04:00,57.6
Blue,21,301,Weber Building Loop,2206,2026-09-21T18:17:44-04:00,2026-09-21T18:19:37-04:00,113.0
