route_color,route_id,route_stop_id,stop_name,vehicle_number,isarriving_time,at_stop_time,lead_seconds,geofence_radius_meters
Gold,29,397,Technology Square WB,2308,2026-09-28T10:51:22.214-04:00,2026-09-28T10:51:26.243-04:00,4.029,30.0
Gold,29,411,Russ Chandler Stadium,2306,2026-09-28T10:50:48.424-04:00,2026-09-28T10:51:55.358-04:00,66.934,30.0
Gold,29,407,Exhibition Hall,2307,2026-09-28T10:52:09.885-04:00,2026-09-28T10:52:39.770-04:00,29.885,30.0
Gold,29,398,5th Street Bridge WB,2308,2026-09-28T10:53:44.750-04:00,2026-09-28T10:53:51.852-04:00,7.102,30.0
Gold,29,412,Klaus Building WB,2306,2026-09-28T10:52:39.113-04:00,2026-09-28T10:54:09.813-04:00,90.699,30.0
Gold,29,411,Russ Chandler Stadium,2308,2026-09-28T10:54:31.408-04:00,2026-09-28T10:54:37.052-04:00,5.643,30.0
Gold,29,396,MARTA Midtown Station,2201,2026-09-28T10:54:43.007-04:00,2026-09-28T10:55:00.001-04:00,16.994,30.0
Gold,29,412,Klaus Building WB,2308,2026-09-28T10:55:14.250-04:00,2026-09-28T10:55:41.493-04:00,27.243,30.0
Gold,29,413,Nanotechnology,2306,2026-09-28T10:55:37.511-04:00,2026-09-28T10:55:59.204-04:00,21.693,30.0
Gold,29,408,Ferst Dr & Hemphill Ave,2307,2026-09-28T10:56:20.798-04:00,2026-09-28T10:57:04.504-04:00,43.706,30.0
Gold,29,415,Kendeda Building,2306,2026-09-28T10:56:57.877-04:00,2026-09-28T10:57:18.735-04:00,20.858,30.0
Gold,29,404,Publix at the Plaza,2201,2026-09-28T10:57:15.513-04:00,2026-09-28T10:57:20.526-04:00,5.013,30.0
Gold,29,413,Nanotechnology,2308,2026-09-28T10:56:45.301-04:00,2026-09-28T10:57:32.529-04:00,47.227,30.0
Gold,29,415,Kendeda Building,2308,2026-09-28T10:58:06.678-04:00,2026-09-28T10:58:25.887-04:00,19.209,30.0
Gold,29,416,Couch Park,2306,2026-09-28T10:58:00.908-04:00,2026-09-28T10:58:35.103-04:00,34.195,30.0
Gold,29,409,Cherry Emerson,2307,2026-09-28T10:58:47.380-04:00,2026-09-28T10:59:14.918-04:00,27.538,30.0
Gold,29,416,Couch Park,2308,2026-09-28T10:59:17.673-04:00,2026-09-28T10:59:57.169-04:00,39.497,30.0
Gold,29,417,CRC & Stamps Health,2306,2026-09-28T10:59:35.086-04:00,2026-09-28T11:00:00.028-04:00,24.942,30.0
Gold,29,421,Ferst Drive & Student Center,2306,2026-09-28T11:01:11.649-04:00,2026-09-28T11:01:30.311-04:00,18.662,30.0
Gold,29,417,CRC & Stamps Health,2308,2026-09-28T11:01:05.818-04:00,2026-09-28T11:01:31.818-04:00,26.001,30.0
Gold,29,399,5th Street Bridge EB,2307,2026-09-28T11:02:05.708-04:00,2026-09-28T11:02:19.490-04:00,13.783,30.0
Gold,29,398,5th Street Bridge WB,2201,2026-09-28T11:02:17.124-04:00,2026-09-28T11:02:25.628-04:00,8.504,30.0
Gold,29,419,Weber Loop,2306,2026-09-28T11:02:33.898-04:00,2026-09-28T11:02:49.950-04:00,16.051,30.0
Gold,29,421,Ferst Drive & Student Center,2308,2026-09-28T12:18:30.070-04:00,2026-09-28T12:18:47.861-04:00,17.791,30.0
Gold,29,408,Ferst Dr & Hemphill Ave,2307,2026-09-28T12:18:36.014-04:00,2026-09-28T12:19:05.095-04:00,29.081,30.0
Gold,29,396,MARTA Midtown Station,2306,2026-09-28T12:20:02.576-04:00,2026-09-28T12:20:15.356-04:00,12.78,30.0
Gold,29,419,Weber Loop,2308,2026-09-28T12:19:45.470-04:00,2026-09-28T12:20:22.173-04:00,36.703,30.0
Gold,29,398,5th Street Bridge WB,2201,2026-09-28T12:20:53.754-04:00,2026-09-28T12:21:02.287-04:00,8.532,30.0
Gold,29,404,Publix at the Plaza,2306,2026-09-28T12:21:29.038-04:00,2026-09-28T12:21:34.855-04:00,5.817,30.0
Gold,29,410,Klaus Building EB,2307,2026-09-28T12:21:46.646-04:00,2026-09-28T12:22:06.565-04:00,19.919,30.0
Gold,29,411,Russ Chandler Stadium,2201,2026-09-28T12:22:11.003-04:00,2026-09-28T12:23:11.833-04:00,60.83,30.0
Gold,29,420,Student Center,2308,2026-09-28T12:23:20.952-04:00,2026-09-28T12:23:52.939-04:00,31.986,30.0
Gold,29,412,Klaus Building WB,2201,2026-09-28T12:23:56.844-04:00,2026-09-28T12:24:32.347-04:00,35.503,30.0
Gold,29,415,Kendeda Building,2201,2026-09-28T12:26:52.246-04:00,2026-09-28T12:27:11.645-04:00,19.399,30.0
Gold,29,401,College of Business,2307,2026-09-28T12:27:16.558-04:00,2026-09-28T12:27:21.228-04:00,4.67,30.0
Gold,29,398,5th Street Bridge WB,2306,2026-09-28T12:27:34.355-04:00,2026-09-28T12:27:41.350-04:00,6.995,30.0
Gold,29,408,Ferst Dr & Hemphill Ave,2308,2026-09-28T12:27:41.351-04:00,2026-09-28T12:28:22.815-04:00,41.464,30.0
Gold,29,416,Couch Park,2201,2026-09-28T12:28:00.405-04:00,2026-09-28T12:29:17.134-04:00,76.729,30.0
Gold,29,415,Kendeda Building,2306,2026-09-28T12:32:59.852-04:00,2026-09-28T12:33:25.738-04:00,25.886,30.0
Gold,29,396,MARTA Midtown Station,2307,2026-09-28T12:33:18.337-04:00,2026-09-28T12:33:31.034-04:00,12.697,30.0
Gold,29,399,5th Street Bridge EB,2308,2026-09-28T12:34:22.823-04:00,2026-09-28T12:34:37.979-04:00,15.155,30.0
Gold,29,416,Couch Park,2306,2026-09-28T12:34:16.518-04:00,2026-09-28T12:34:46.231-04:00,29.713,30.0
Gold,29,404,Publix at the Plaza,2307,2026-09-28T12:34:46.414-04:00,2026-09-28T12:34:56.761-04:00,10.346,30.0
Gold,29,400,Technology Square EB,2308,2026-09-28T12:35:16.191-04:00,2026-09-28T12:35:42.462-04:00,26.271,30.0
Gold,29,417,CRC & Stamps Health,2306,2026-09-28T12:35:50.849-04:00,2026-09-28T12:36:15.515-04:00,24.665,30.0
Gold,29,397,Technology Square WB,2307,2026-09-28T12:38:03.593-04:00,2026-09-28T12:38:10.131-04:00,6.538,30.0
Gold,29,398,5th Street Bridge WB,2307,2026-09-28T12:39:16.722-04:00,2026-09-28T12:39:25.999-04:00,9.277,30.0
Gold,29,402,Academy of Medicine,2308,2026-09-28T12:38:57.484-04:00,2026-09-28T12:39:48.177-04:00,50.693,30.0
Gold,29,421,Ferst Drive & Student Center,2306,2026-09-28T12:40:54.937-04:00,2026-09-28T12:41:11.541-04:00,16.604,30.0
Gold,29,420,Student Center,2201,2026-09-28T12:40:54.937-04:00,2026-09-28T12:41:22.634-04:00,27.697,30.0
Gold,29,419,Weber Loop,2306,2026-09-28T12:42:20.221-04:00,2026-09-28T12:42:35.062-04:00,14.841,30.0
Gold,29,407,Exhibition Hall,2201,2026-09-28T12:42:26.080-04:00,2026-09-28T12:42:47.702-04:00,21.622,30.0
Gold,29,412,Klaus Building WB,2307,2026-09-28T12:42:37.134-04:00,2026-09-28T12:43:16.619-04:00,39.485,30.0
Gold,29,396,MARTA Midtown Station,2308,2026-09-28T12:43:47.560-04:00,2026-09-28T12:44:02.984-04:00,15.423,30.0
Gold,29,420,Student Center,2306,2026-09-28T12:43:41.484-04:00,2026-09-28T12:44:11.536-04:00,30.052,30.0
Gold,29,413,Nanotechnology,2307,2026-09-28T12:44:05.920-04:00,2026-09-28T12:44:40.413-04:00,34.492,30.0
Gold,29,408,Ferst Dr & Hemphill Ave,2201,2026-09-28T12:44:17.233-04:00,2026-09-28T12:44:42.214-04:00,24.981,30.0
Gold,29,409,Cherry Emerson,2201,2026-09-28T12:45:57.498-04:00,2026-09-28T12:46:32.465-04:00,34.967,30.0
Gold,29,416,Couch Park,2307,2026-09-28T12:46:22.077-04:00,2026-09-28T12:46:51.487-04:00,29.41,30.0
Gold,29,410,Klaus Building EB,2201,2026-09-28T12:47:15.450-04:00,2026-09-28T12:47:37.786-04:00,22.336,30.0
Gold,29,408,Ferst Dr & Hemphill Ave,2306,2026-09-28T12:47:03.250-04:00,2026-09-28T12:47:46.079-04:00,42.829,30.0
Gold,29,399,5th Street Bridge EB,2201,2026-09-28T12:49:29.735-04:00,2026-09-28T12:49:37.244-04:00,7.51,30.0
Gold,29,397,Technology Square WB,2308,2026-09-28T12:49:47.442-04:00,2026-09-28T12:50:03.500-04:00,16.058,30.0
Gold,29,421,Ferst Drive & Student Center,2307,2026-09-28T12:50:11.623-04:00,2026-09-28T12:50:25.520-04:00,13.897,30.0
Gold,29,400,Technology Square EB,2201,2026-09-28T12:50:36.974-04:00,2026-09-28T12:50:46.790-04:00,9.816,30.0
Gold,29,410,Klaus Building EB,2306,2026-09-28T12:50:31.202-04:00,2026-09-28T12:50:56.309-04:00,25.106,30.0
Gold,29,398,5th Street Bridge WB,2308,2026-09-28T12:51:12.544-04:00,2026-09-28T12:51:22.744-04:00,10.2,30.0
Gold,29,419,Weber Loop,2307,2026-09-28T12:51:05.561-04:00,2026-09-28T12:51:25.486-04:00,19.925,30.0
Clough,28,388,5th Street Bridge EB,2309,2026-09-28T13:54:25.001-04:00,2026-09-28T13:54:36.319-04:00,11.318,30.0
Gold,29,421,Ferst Drive & Student Center,2201,2026-09-28T13:54:25.008-04:00,2026-09-28T13:54:37.622-04:00,12.614,30.0
Blue,21,303,Ferst Dr & Cherry St,2210,2026-09-28T13:54:25.016-04:00,2026-09-28T13:54:40.545-04:00,15.53,30.0
Red,20,274,Center St. Apartments & Hemphill Ave,2212,2026-09-28T13:54:13.532-04:00,2026-09-28T13:54:41.651-04:00,28.119,30.0
Clough,28,386,Technology Square WB,2203,2026-09-28T13:54:31.598-04:00,2026-09-28T13:54:43.445-04:00,11.848,30.0
Green,17,212,McCamish & 10th St.,2207,2026-09-28T13:54:25.016-04:00,2026-09-28T13:55:04.631-04:00,39.615,30.0
Northside Dr. - Atlantic Station,26,360,MARTA Stop Northside Dr. @ 10th St.,2216,2026-09-28T13:55:06.726-04:00,2026-09-28T13:55:18.083-04:00,11.357,30.0
Blue,21,284,Couch Park,2209,2026-09-28T13:54:31.601-04:00,2026-09-28T13:55:19.582-04:00,47.981,30.0
Gold,29,410,Klaus Building EB,2308,2026-09-28T13:54:49.116-04:00,2026-09-28T13:55:23.502-04:00,34.386,30.0
Clough,28,385,MARTA Midtown Station,2302,2026-09-28T13:55:01.021-04:00,2026-09-28T13:55:24.943-04:00,23.921,30.0
Blue,21,299,Fitten Hall,2213,2026-09-28T13:55:12.573-04:00,2026-09-28T13:55:30.843-04:00,18.27,30.0
Blue,21,463,Ferst Dr. and Weber Building,2210,2026-09-28T13:55:24.556-04:00,2026-09-28T13:55:40.615-04:00,16.059,30.0
Red,20,280,COP & North Ave.,2214,2026-09-28T13:55:30.549-04:00,2026-09-28T13:55:41.861-04:00,11.312,30.0
Gold,29,419,Weber Loop,2201,2026-09-28T13:55:36.734-04:00,2026-09-28T13:55:48.055-04:00,11.322,30.0
Clough,28,389,Technology Square EB,2309,2026-09-28T13:55:54.519-04:00,2026-09-28T13:56:07.626-04:00,13.107,30.0
Clough,28,387,5th Street Bridge WB,2203,2026-09-28T13:56:00.342-04:00,2026-09-28T13:56:07.626-04:00,7.284,30.0
Red,20,250,North Avenue Apts - To West Campus,2214,2026-09-28T13:56:12.354-04:00,2026-09-28T13:56:22.323-04:00,9.969,30.0
Green,17,213,Graduate Living Center,2207,2026-09-28T13:56:06.505-04:00,2026-09-28T13:56:24.942-04:00,18.437,30.0
Green,17,208,Center St. Apartments & Hemphill Ave,2211,2026-09-28T13:56:06.505-04:00,2026-09-28T13:56:31.771-04:00,25.266,30.0
Red,20,272,Paper Tricentennial,2212,2026-09-28T13:56:00.343-04:00,2026-09-28T13:56:31.771-04:00,31.428,30.0
Gold,29,397,Technology Square WB,2306,2026-09-28T13:56:31.270-04:00,2026-09-28T13:56:46.861-04:00,15.591,30.0
Gold,29,396,MARTA Midtown Station,2307,2026-09-28T13:56:37.027-04:00,2026-09-28T13:57:01.781-04:00,24.755,30.0
Gold,29,399,5th Street Bridge EB,2308,2026-09-28T13:56:54.602-04:00,2026-09-28T13:57:08.901-04:00,14.299,30.0
Blue,21,285,CRC & Stamps Health,2209,2026-09-28T13:56:48.172-04:00,2026-09-28T13:57:08.901-04:00,20.729,30.0
Green,17,418,Georgia Tech Police Department,2211,2026-09-28T13:56:37.028-04:00,2026-09-28T13:58:06.541-04:00,89.513,30.0
Green,17,195,Baker Building,2207,2026-09-28T13:57:54.519-04:00,2026-09-28T13:58:25.301-04:00,30.782,30.0
Clough,28,395,Fowler Street SB,2203,2026-09-28T13:57:06.497-04:00,2026-09-28T13:58:28.246-04:00,81.749,30.0
Red,20,273,West Village,2212,2026-09-28T13:58:29.351-04:00,2026-09-28T13:58:36.381-04:00,7.03,30.0
Blue,21,306,Exhibition Hall,2210,2026-09-28T13:58:23.076-04:00,2026-09-28T13:58:46.177-04:00,23.102,30.0
Clough,28,390,College of Business,2309,2026-09-28T13:58:40.402-04:00,2026-09-28T13:58:47.199-04:00,6.798,30.0
Blue,21,300,Ferst Drive & Student Center,2209,2026-09-28T13:58:40.404-04:00,2026-09-28T13:58:48.423-04:00,8.019,30.0
Gold,29,400,Technology Square EB,2308,2026-09-28T13:57:48.485-04:00,2026-09-28T13:58:53.402-04:00,64.917,30.0
Northside Dr. - Atlantic Station,26,358,Exhibition Hall,2216,2026-09-28T13:58:34.637-04:00,2026-09-28T13:59:00.215-04:00,25.578,30.0
Gold,29,398,5th Street Bridge WB,2306,2026-09-28T13:58:57.254-04:00,2026-09-28T13:59:06.279-04:00,9.026,30.0
Blue,21,282,West Village,2213,2026-09-28T13:59:08.341-04:00,2026-09-28T13:59:15.456-04:00,7.115,30.0
Gold,29,404,Publix at the Plaza,2307,2026-09-28T13:59:19.388-04:00,2026-09-28T13:59:27.483-04:00,8.095,30.0
Green,17,206,Hemphill Ave & Curran St,2211,2026-09-28T13:59:19.393-04:00,2026-09-28T13:59:31.988-04:00,12.595,30.0
Gold,29,420,Student Center,2201,2026-09-28T13:58:57.254-04:00,2026-09-28T13:59:42.778-04:00,45.524,30.0
Red,20,271,8th St & Hemphill Ave,2212,2026-09-28T13:59:49.083-04:00,2026-09-28T13:59:57.460-04:00,8.377,30.0
Blue,21,301,Weber Building Loop,2209,2026-09-28T13:59:43.042-04:00,2026-09-28T13:59:58.401-04:00,15.359,30.0
Blue,21,283,8th St & Hemphill Ave,2213,2026-09-28T14:00:22.884-04:00,2026-09-28T14:00:37.215-04:00,14.331,30.0
Clough,28,392,Clough Commons,2203,2026-09-28T14:00:29.541-04:00,2026-09-28T14:00:40.046-04:00,10.505,30.0
Clough,28,391,Academy of Medicine,2309,2026-09-28T14:00:29.541-04:00,2026-09-28T14:00:42.168-04:00,12.627,30.0
Emory,18,214,Cherry Emerson,2303,2026-09-28T14:00:35.680-04:00,2026-09-28T14:00:55.749-04:00,20.069,30.0
Gold,29,407,Exhibition Hall,2201,2026-09-28T14:01:00.546-04:00,2026-09-28T14:01:22.369-04:00,21.824,30.0
Red,20,265,Techwood Dr & Field Residence Hall,2214,2026-09-28T14:01:12.244-04:00,2026-09-28T14:01:22.369-04:00,10.125,30.0
Red,20,275,Ferst Dr & Hemphill Ave,2212,2026-09-28T14:01:00.554-04:00,2026-09-28T14:01:22.369-04:00,21.816,30.0
Blue,21,299,Fitten Hall,2210,2026-09-28T14:01:23.914-04:00,2026-09-28T14:01:40.676-04:00,16.762,30.0
Clough,28,386,Technology Square WB,2302,2026-09-28T14:01:35.934-04:00,2026-09-28T14:01:43.837-04:00,7.903,30.0
Blue,21,284,Couch Park,2213,2026-09-28T14:01:29.563-04:00,2026-09-28T14:02:04.988-04:00,35.425,30.0
Gold,29,411,Russ Chandler Stadium,2306,2026-09-28T14:00:48.238-04:00,2026-09-28T14:02:06.426-04:00,78.189,30.0
Gold,29,402,Academy of Medicine,2308,2026-09-28T14:01:43.383-04:00,2026-09-28T14:02:17.823-04:00,34.44,30.0
Northside Dr. - Atlantic Station,26,359,Center St. Apartments & Hemphill Ave,2216,2026-09-28T14:02:17.824-04:00,2026-09-28T14:02:32.924-04:00,15.1,30.0
Red,20,276,Cherry Emerson,2212,2026-09-28T14:02:17.895-04:00,2026-09-28T14:02:32.924-04:00,15.029,30.0
Emory,18,225,Klaus Building EB,2303,2026-09-28T14:02:17.895-04:00,2026-09-28T14:02:35.868-04:00,17.973,30.0
Red,20,266,Techwood & 5th  - North,2214,2026-09-28T14:02:36.429-04:00,2026-09-28T14:02:47.914-04:00,11.485,30.0
Gold,29,397,Technology Square WB,2307,2026-09-28T14:03:00.609-04:00,2026-09-28T14:03:06.969-04:00,6.359,30.0
Gold,29,412,Klaus Building WB,2306,2026-09-28T14:02:42.570-04:00,2026-09-28T14:03:10.996-04:00,28.426,30.0
Green,17,208,Center St. Apartments & Hemphill Ave,2207,2026-09-28T14:02:42.579-04:00,2026-09-28T14:03:20.230-04:00,37.651,30.0
Red,20,277,Klaus Building EB,2212,2026-09-28T14:03:18.603-04:00,2026-09-28T14:03:42.264-04:00,23.661,30.0
Blue,21,285,CRC & Stamps Health,2213,2026-09-28T14:03:25.227-04:00,2026-09-28T14:03:50.490-04:00,25.263,30.0
Gold,29,408,Ferst Dr & Hemphill Ave,2201,2026-09-28T14:03:25.224-04:00,2026-09-28T14:03:57.643-04:00,32.42,30.0
Blue,21,282,West Village,2210,2026-09-28T14:03:50.948-04:00,2026-09-28T14:04:00.722-04:00,9.773,30.0
Clough,28,385,MARTA Midtown Station,2309,2026-09-28T14:03:44.658-04:00,2026-09-28T14:04:12.333-04:00,27.675,30.0
Northside Dr. - Atlantic Station,26,362,MARTA Stop 10th St. @ Northside Dr.,2216,2026-09-28T14:04:09.808-04:00,2026-09-28T14:04:22.341-04:00,12.534,30.0
Red,20,267,Russ Chandler Stadium,2214,2026-09-28T14:03:57.133-04:00,2026-09-28T14:04:22.341-04:00,25.208,30.0
Clough,28,394,Fowler Street NB,2203,2026-09-28T14:04:26.517-04:00,2026-09-28T14:04:30.717-04:00,4.2,30.0
Gold,29,413,Nanotechnology,2306,2026-09-28T14:04:20.763-04:00,2026-09-28T14:04:56.978-04:00,36.215,30.0
Blue,21,302,COP & North Ave.,2209,2026-09-28T14:03:50.948-04:00,2026-09-28T14:05:04.286-04:00,73.337,30.0
Red,20,268,Klaus Building WB,2214,2026-09-28T14:04:57.486-04:00,2026-09-28T14:05:22.193-04:00,24.708,30.0
Clough,28,388,5th Street Bridge EB,2203,2026-09-28T14:05:20.845-04:00,2026-09-28T14:05:33.957-04:00,13.112,30.0
Blue,21,300,Ferst Drive & Student Center,2213,2026-09-28T14:05:26.483-04:00,2026-09-28T14:05:41.290-04:00,14.807,30.0
Gold,29,398,5th Street Bridge WB,2307,2026-09-28T14:05:39.997-04:00,2026-09-28T14:05:46.824-04:00,6.827,30.0
Green,17,418,Georgia Tech Police Department,2207,2026-09-28T14:03:25.227-04:00,2026-09-28T14:06:05.373-04:00,160.146,30.0
Red,20,278,Techwood Dr & 5th St - South,2212,2026-09-28T14:05:52.067-04:00,2026-09-28T14:06:06.981-04:00,14.915,30.0
Blue,21,283,8th St & Hemphill Ave,2210,2026-09-28T14:05:58.908-04:00,2026-09-28T14:06:11.016-04:00,12.108,30.0
Clough,28,393,Publix at the Plaza,2309,2026-09-28T14:06:05.019-04:00,2026-09-28T14:06:17.139-04:00,12.121,30.0
Gold,29,415,Kendeda Building,2306,2026-09-28T14:05:52.064-04:00,2026-09-28T14:06:17.139-04:00,25.075,30.0
Blue,21,301,Weber Building Loop,2213,2026-09-28T14:06:41.366-04:00,2026-09-28T14:07:00.221-04:00,18.855,30.0
Clough,28,389,Technology Square EB,2203,2026-09-28T14:06:17.078-04:00,2026-09-28T14:07:07.294-04:00,50.216,30.0
Gold,29,404,Publix at the Plaza,2308,2026-09-28T14:06:53.528-04:00,2026-09-28T14:07:08.807-04:00,15.279,30.0
Clough,28,392,Clough Commons,2302,2026-09-28T14:06:59.240-04:00,2026-09-28T14:07:09.419-04:00,10.179,30.0
Gold,29,411,Russ Chandler Stadium,2307,2026-09-28T14:06:59.240-04:00,2026-09-28T14:07:12.359-04:00,13.119,30.0
Red,20,279,Techwood Dr & Bobby Dodd Way,2212,2026-09-28T14:06:53.529-04:00,2026-09-28T14:07:12.359-04:00,18.83,30.0
Red,20,269,Nanotechnology,2214,2026-09-28T14:06:29.228-04:00,2026-09-28T14:07:17.536-04:00,48.308,30.0
Gold,29,410,Klaus Building EB,2201,2026-09-28T14:06:41.361-04:00,2026-09-28T14:07:23.447-04:00,42.085,30.0
Gold,29,416,Couch Park,2306,2026-09-28T14:06:59.240-04:00,2026-09-28T14:07:26.611-04:00,27.371,30.0
Green,17,206,Hemphill Ave & Curran St,2207,2026-09-28T14:07:16.566-04:00,2026-09-28T14:07:30.488-04:00,13.921,30.0
Blue,21,303,Ferst Dr & Cherry St,2209,2026-09-28T14:07:35.734-04:00,2026-09-28T14:07:47.742-04:00,12.009,30.0
Gold,29,412,Klaus Building WB,2307,2026-09-28T14:07:46.651-04:00,2026-09-28T14:08:07.019-04:00,20.367,30.0
Blue,21,284,Couch Park,2210,2026-09-28T14:07:22.968-04:00,2026-09-28T14:08:14.930-04:00,51.962,30.0
Red,20,270,Kendeda Building,2214,2026-09-28T14:07:57.953-04:00,2026-09-28T14:08:16.787-04:00,18.833,30.0
Blue,21,463,Ferst Dr. and Weber Building,2209,2026-09-28T14:08:09.245-04:00,2026-09-28T14:08:29.138-04:00,19.893,30.0
Emory,18,215,10th St & MARTA EB,2303,2026-09-28T14:08:15.060-04:00,2026-09-28T14:08:30.729-04:00,15.669,30.0
Green,17,209,GT Competition Center (575 14th Street),2207,2026-09-28T14:08:50.408-04:00,2026-09-28T14:08:55.825-04:00,5.418,30.0
Gold,29,413,Nanotechnology,2307,2026-09-28T14:08:56.261-04:00,2026-09-28T14:09:06.848-04:00,10.586,30.0
Gold,29,417,CRC & Stamps Health,2306,2026-09-28T14:08:50.404-04:00,2026-09-28T14:09:11.907-04:00,21.503,30.0
Red,20,274,Center St. Apartments & Hemphill Ave,2214,2026-09-28T14:09:39.200-04:00,2026-09-28T14:09:52.059-04:00,12.859,30.0
Gold,29,415,Kendeda Building,2307,2026-09-28T14:09:50.471-04:00,2026-09-28T14:10:07.620-04:00,17.149,30.0
Blue,21,285,CRC & Stamps Health,2210,2026-09-28T14:09:45.069-04:00,2026-09-28T14:10:11.465-04:00,26.396,30.0
Gold,29,400,Technology Square EB,2201,2026-09-28T14:10:25.826-04:00,2026-09-28T14:10:38.554-04:00,12.728,30.0
Red,20,272,Paper Tricentennial,2214,2026-09-28T14:10:33.175-04:00,2026-09-28T14:10:52.822-04:00,19.647,30.0
Gold,29,421,Ferst Drive & Student Center,2306,2026-09-28T14:10:44.979-04:00,2026-09-28T14:11:01.280-04:00,16.3,30.0
Gold,29,416,Couch Park,2307,2026-09-28T14:10:50.103-04:00,2026-09-28T14:11:12.452-04:00,22.349,30.0
Gold,29,397,Technology Square WB,2308,2026-09-28T14:11:08.105-04:00,2026-09-28T14:11:14.299-04:00,6.194,30.0
Blue,21,306,Exhibition Hall,2209,2026-09-28T14:10:50.287-04:00,2026-09-28T14:11:23.570-04:00,33.283,30.0
Green,17,210,14th St & State St,2211,2026-09-28T14:11:25.747-04:00,2026-09-28T14:11:56.796-04:00,31.05,30.0
Clough,28,388,5th Street Bridge EB,2302,2026-09-28T14:11:39.136-04:00,2026-09-28T14:11:59.491-04:00,20.355,30.0
Gold,29,419,Weber Loop,2306,2026-09-28T14:11:50.480-04:00,2026-09-28T14:12:02.470-04:00,11.991,30.0
Clough,28,391,Academy of Medicine,2203,2026-09-28T14:11:39.143-04:00,2026-09-28T14:12:24.598-04:00,45.455,30.0
Clough,28,387,5th Street Bridge WB,2309,2026-09-28T14:12:19.947-04:00,2026-09-28T14:12:27.612-04:00,7.665,30.0
Northside Dr. - Atlantic Station,26,363,MARTA Stop (17th & State),2216,2026-09-28T14:11:13.444-04:00,2026-09-28T14:12:31.549-04:00,78.105,30.0
Blue,21,300,Ferst Drive & Student Center,2210,2026-09-28T14:12:26.233-04:00,2026-09-28T14:12:35.929-04:00,9.696,30.0
Clough,28,389,Technology Square EB,2302,2026-09-28T14:12:26.227-04:00,2026-09-28T14:12:44.158-04:00,17.931,30.0
Gold,29,417,CRC & Stamps Health,2307,2026-09-28T14:12:26.231-04:00,2026-09-28T14:12:46.839-04:00,20.608,30.0
Gold,29,398,5th Street Bridge WB,2308,2026-09-28T14:12:38.249-04:00,2026-09-28T14:12:48.607-04:00,10.358,30.0
Red,20,265,Techwood Dr & Field Residence Hall,2212,2026-09-28T14:12:51.668-04:00,2026-09-28T14:13:08.676-04:00,17.007,30.0
Red,20,273,West Village,2214,2026-09-28T14:13:15.849-04:00,2026-09-28T14:13:21.981-04:00,6.132,30.0
Northside Dr. - Atlantic Station,26,364,MARTA Stop (17th & Village),2216,2026-09-28T14:13:09.566-04:00,2026-09-28T14:13:24.756-04:00,15.19,30.0
Clough,28,395,Fowler Street SB,2309,2026-09-28T14:13:09.568-04:00,2026-09-28T14:13:27.837-04:00,18.269,30.0
Blue,21,299,Fitten Hall,2209,2026-09-28T14:13:21.191-04:00,2026-09-28T14:13:38.848-04:00,17.658,30.0
Green,17,211,GTRI Conference Center,2211,2026-09-28T14:13:21.191-04:00,2026-09-28T14:13:41.751-04:00,20.56,30.0
Red,20,266,Techwood & 5th  - North,2212,2026-09-28T14:13:33.356-04:00,2026-09-28T14:13:48.812-04:00,15.455,30.0
Blue,21,301,Weber Building Loop,2210,2026-09-28T14:13:33.356-04:00,2026-09-28T14:13:51.059-04:00,17.703,30.0
Gold,29,401,College of Business,2201,2026-09-28T14:13:56.879-04:00,2026-09-28T14:14:02.119-04:00,5.24,30.0
Northside Dr. - Atlantic Station,26,365,MARTA Stop (17th & Bishop),2216,2026-09-28T14:13:51.218-04:00,2026-09-28T14:14:10.917-04:00,19.699,30.0
Emory,18,216,Piedmont Road EB,2303,2026-09-28T14:13:56.889-04:00,2026-09-28T14:14:10.917-04:00,14.027,30.0
Blue,21,302,COP & North Ave.,2213,2026-09-28T14:12:51.668-04:00,2026-09-28T14:14:10.917-04:00,79.249,30.0
Gold,29,411,Russ Chandler Stadium,2308,2026-09-28T14:13:21.186-04:00,2026-09-28T14:14:34.363-04:00,73.177,30.0
Gold,29,421,Ferst Drive & Student Center,2307,2026-09-28T14:14:19.021-04:00,2026-09-28T14:14:37.708-04:00,18.687,30.0
Red,20,271,8th St & Hemphill Ave,2214,2026-09-28T14:14:37.781-04:00,2026-09-28T14:14:47.304-04:00,9.523,30.0
Clough,28,392,Clough Commons,2309,2026-09-28T14:14:42.577-04:00,2026-09-28T14:14:52.101-04:00,9.524,30.0
Gold,29,402,Academy of Medicine,2201,2026-09-28T14:15:32.502-04:00,2026-09-28T14:15:38.245-04:00,5.743,30.0
Clough,28,390,College of Business,2302,2026-09-28T14:15:25.860-04:00,2026-09-28T14:15:44.199-04:00,18.339,30.0
Red,20,275,Ferst Dr & Hemphill Ave,2214,2026-09-28T14:15:32.505-04:00,2026-09-28T14:16:11.545-04:00,39.041,30.0
Red,20,268,Klaus Building WB,2212,2026-09-28T14:16:03.451-04:00,2026-09-28T14:16:24.348-04:00,20.897,30.0
Gold,29,413,Nanotechnology,2308,2026-09-28T14:16:14.455-04:00,2026-09-28T14:16:28.355-04:00,13.9,30.0
Blue,21,282,West Village,2209,2026-09-28T14:16:14.472-04:00,2026-09-28T14:16:30.722-04:00,16.25,30.0
Gold,29,419,Weber Loop,2307,2026-09-28T14:16:20.487-04:00,2026-09-28T14:16:32.077-04:00,11.591,30.0
Green,17,212,McCamish & 10th St.,2211,2026-09-28T14:15:56.992-04:00,2026-09-28T14:16:32.077-04:00,35.086,30.0
Clough,28,385,MARTA Midtown Station,2203,2026-09-28T14:16:45.918-04:00,2026-09-28T14:17:03.441-04:00,17.523,30.0
Red,20,269,Nanotechnology,2212,2026-09-28T14:16:52.237-04:00,2026-09-28T14:17:08.710-04:00,16.473,30.0
Gold,29,415,Kendeda Building,2308,2026-09-28T14:17:03.529-04:00,2026-09-28T14:17:24.126-04:00,20.597,30.0
Clough,28,391,Academy of Medicine,2302,2026-09-28T14:16:40.488-04:00,2026-09-28T14:17:35.659-04:00,55.171,30.0
Clough,28,394,Fowler Street NB,2309,2026-09-28T14:17:26.625-04:00,2026-09-28T14:17:36.590-04:00,9.965,30.0
Gold,29,416,Couch Park,2308,2026-09-28T14:18:03.761-04:00,2026-09-28T14:18:33.930-04:00,30.169,30.0
Blue,21,463,Ferst Dr. and Weber Building,2213,2026-09-28T14:18:15.705-04:00,2026-09-28T14:18:41.381-04:00,25.676,30.0
Gold,29,420,Student Center,2307,2026-09-28T14:18:21.421-04:00,2026-09-28T14:18:47.034-04:00,25.614,30.0
Red,20,277,Klaus Building EB,2214,2026-09-28T14:18:32.971-04:00,2026-09-28T14:18:52.099-04:00,19.128,30.0
Red,20,274,Center St. Apartments & Hemphill Ave,2212,2026-09-28T14:18:32.971-04:00,2026-09-28T14:18:54.083-04:00,21.113,30.0
Clough,28,388,5th Street Bridge EB,2309,2026-09-28T14:19:03.937-04:00,2026-09-28T14:19:21.798-04:00,17.861,30.0
Green,17,195,Baker Building,2211,2026-09-28T14:18:58.171-04:00,2026-09-28T14:19:21.798-04:00,23.627,30.0
Green,17,210,14th St & State St,2207,2026-09-28T14:18:51.295-04:00,2026-09-28T14:19:26.287-04:00,34.992,30.0
Red,20,272,Paper Tricentennial,2212,2026-09-28T14:19:21.981-04:00,2026-09-28T14:19:38.351-04:00,16.37,30.0
Gold,29,417,CRC & Stamps Health,2308,2026-09-28T14:19:34.667-04:00,2026-09-28T14:19:59.500-04:00,24.834,30.0
Green,17,196,Kendeda Building,2211,2026-09-28T14:19:40.956-04:00,2026-09-28T14:20:06.958-04:00,26.002,30.0
Blue,21,283,8th St & Hemphill Ave,2209,2026-09-28T14:20:12.443-04:00,2026-09-28T14:20:19.347-04:00,6.905,30.0
Gold,29,407,Exhibition Hall,2307,2026-09-28T14:19:52.793-04:00,2026-09-28T14:20:21.950-04:00,29.157,30.0
Clough,28,389,Technology Square EB,2309,2026-09-28T14:20:06.189-04:00,2026-09-28T14:20:26.649-04:00,20.46,30.0
Green,17,211,GTRI Conference Center,2207,2026-09-28T14:20:00.232-04:00,2026-09-28T14:20:26.649-04:00,26.417,30.0
Blue,21,305,Student Center,2213,2026-09-28T14:20:12.443-04:00,2026-09-28T14:20:31.686-04:00,19.243,30.0
Gold,29,396,MARTA Midtown Station,2201,2026-09-28T14:20:28.837-04:00,2026-09-28T14:20:52.752-04:00,23.915,30.0
Red,20,273,West Village,2212,2026-09-28T14:20:58.056-04:00,2026-09-28T14:21:02.912-04:00,4.856,30.0
Blue,21,284,Couch Park,2209,2026-09-28T14:21:04.032-04:00,2026-09-28T14:21:23.107-04:00,19.075,30.0
Red,20,278,Techwood Dr & 5th St - South,2214,2026-09-28T14:20:58.056-04:00,2026-09-28T14:21:58.034-04:00,59.978,30.0
Blue,21,306,Exhibition Hall,2213,2026-09-28T14:21:45.591-04:00,2026-09-28T14:22:06.165-04:00,20.574,30.0
Gold,29,408,Ferst Dr & Hemphill Ave,2307,2026-09-28T14:21:51.359-04:00,2026-09-28T14:22:12.129-04:00,20.77,30.0
Gold,29,421,Ferst Drive & Student Center,2308,2026-09-28T14:22:16.105-04:00,2026-09-28T14:22:28.446-04:00,12.34,30.0
Blue,21,285,CRC & Stamps Health,2209,2026-09-28T14:22:21.856-04:00,2026-09-28T14:22:49.560-04:00,27.704,30.0
Red,20,279,Techwood Dr & Bobby Dodd Way,2214,2026-09-28T14:22:39.933-04:00,2026-09-28T14:22:58.268-04:00,18.336,30.0
Northside Dr. - Atlantic Station,26,360,MARTA Stop Northside Dr. @ 10th St.,2216,2026-09-28T14:22:45.962-04:00,2026-09-28T14:22:59.300-04:00,13.339,30.0
Green,17,212,McCamish & 10th St.,2207,2026-09-28T14:22:45.966-04:00,2026-09-28T14:23:16.415-04:00,30.449,30.0
Gold,29,419,Weber Loop,2308,2026-09-28T14:23:21.613-04:00,2026-09-28T14:23:39.437-04:00,17.823,30.0
Gold,29,404,Publix at the Plaza,2201,2026-09-28T14:23:33.249-04:00,2026-09-28T14:23:43.434-04:00,10.185,30.0
Gold,29,409,Cherry Emerson,2307,2026-09-28T14:23:10.077-04:00,2026-09-28T14:23:46.713-04:00,36.636,30.0
Clough,28,385,MARTA Midtown Station,2302,2026-09-28T14:23:33.238-04:00,2026-09-28T14:23:49.441-04:00,16.203,30.0
Gold,29,420,Student Center,2306,2026-09-28T14:23:03.861-04:00,2026-09-28T14:24:01.503-04:00,57.642,30.0
Clough,28,391,Academy of Medicine,2309,2026-09-28T14:23:27.459-04:00,2026-09-28T14:24:06.827-04:00,39.367,30.0
Green,17,208,Center St. Apartments & Hemphill Ave,2211,2026-09-28T14:23:56.151-04:00,2026-09-28T14:24:11.596-04:00,15.445,30.0
Blue,21,299,Fitten Hall,2213,2026-09-28T14:23:56.151-04:00,2026-09-28T14:24:15.542-04:00,19.391,30.0
Blue,21,302,COP & North Ave.,2210,2026-09-28T14:22:45.966-04:00,2026-09-28T14:24:15.542-04:00,89.576,30.0
Clough,28,387,5th Street Bridge WB,2203,2026-09-28T14:24:14.110-04:00,2026-09-28T14:24:21.675-04:00,7.565,30.0
Blue,21,300,Ferst Drive & Student Center,2209,2026-09-28T14:24:19.782-04:00,2026-09-28T14:24:28.585-04:00,8.803,30.0
Green,17,213,Graduate Living Center,2207,2026-09-28T14:24:26.223-04:00,2026-09-28T14:24:41.654-04:00,15.431,30.0
Gold,29,410,Klaus Building EB,2307,2026-09-28T14:24:26.202-04:00,2026-09-28T14:24:46.825-04:00,20.623,30.0
Green,17,418,Georgia Tech Police Department,2211,2026-09-28T14:24:14.115-04:00,2026-09-28T14:25:17.939-04:00,63.824,30.0
Clough,28,393,Publix at the Plaza,2302,2026-09-28T14:25:16.463-04:00,2026-09-28T14:25:25.109-04:00,8.645,30.0
Gold,29,407,Exhibition Hall,2306,2026-09-28T14:25:16.463-04:00,2026-09-28T14:25:41.882-04:00,25.418,30.0
Clough,28,395,Fowler Street SB,2203,2026-09-28T14:24:56.525-04:00,2026-09-28T14:25:49.894-04:00,53.369,30.0
Blue,21,282,West Village,2213,2026-09-28T14:25:47.352-04:00,2026-09-28T14:25:55.565-04:00,8.213,30.0
Emory,18,217,Clifton Road at Wesley EB,2303,2026-09-28T14:25:41.422-04:00,2026-09-28T14:26:00.874-04:00,19.451,30.0
Gold,29,399,5th Street Bridge EB,2307,2026-09-28T14:25:59.249-04:00,2026-09-28T14:26:06.245-04:00,6.996,30.0
Blue,21,301,Weber Building Loop,2209,2026-09-28T14:25:53.255-04:00,2026-09-28T14:26:15.022-04:00,21.766,30.0
Green,17,206,Hemphill Ave & Curran St,2211,2026-09-28T14:25:59.256-04:00,2026-09-28T14:26:18.039-04:00,18.783,30.0
Red,20,271,8th St & Hemphill Ave,2212,2026-09-28T14:26:25.056-04:00,2026-09-28T14:26:34.325-04:00,9.269,30.0
Northside Dr. - Atlantic Station,26,358,Exhibition Hall,2216,2026-09-28T14:26:06.520-04:00,2026-09-28T14:26:36.164-04:00,29.645,30.0
Green,17,195,Baker Building,2207,2026-09-28T14:26:06.633-04:00,2026-09-28T14:26:41.291-04:00,34.658,30.0
Gold,29,397,Technology Square WB,2201,2026-09-28T14:26:37.975-04:00,2026-09-28T14:26:43.009-04:00,5.034,30.0
Blue,21,283,8th St & Hemphill Ave,2213,2026-09-28T14:27:01.583-04:00,2026-09-28T14:27:11.136-04:00,9.553,30.0
Red,20,275,Ferst Dr & Hemphill Ave,2212,2026-09-28T14:27:21.695-04:00,2026-09-28T14:27:39.174-04:00,17.479,30.0
Gold,29,400,Technology Square EB,2307,2026-09-28T14:27:21.690-04:00,2026-09-28T14:27:42.190-04:00,20.5,30.0
Clough,28,392,Clough Commons,2203,2026-09-28T14:27:33.854-04:00,2026-09-28T14:27:55.449-04:00,21.595,30.0
Blue,21,303,Ferst Dr & Cherry St,2210,2026-09-28T14:27:39.531-04:00,2026-09-28T14:27:55.449-04:00,15.917,30.0
Gold,29,398,5th Street Bridge WB,2201,2026-09-28T14:27:51.051-04:00,2026-09-28T14:27:58.345-04:00,7.294,30.0
Green,17,196,Kendeda Building,2207,2026-09-28T14:27:21.695-04:00,2026-09-28T14:28:05.374-04:00,43.679,30.0
Blue,21,284,Couch Park,2213,2026-09-28T14:27:57.353-04:00,2026-09-28T14:28:20.727-04:00,23.374,30.0
Clough,28,386,Technology Square WB,2302,2026-09-28T14:28:20.636-04:00,2026-09-28T14:28:30.430-04:00,9.794,30.0
Blue,21,463,Ferst Dr. and Weber Building,2210,2026-09-28T14:28:20.636-04:00,2026-09-28T14:28:41.588-04:00,20.952,30.0
Red,20,250,North Avenue Apts - To West Campus,2214,2026-09-28T14:28:33.008-04:00,2026-09-28T14:28:43.090-04:00,10.081,30.0
Gold,29,409,Cherry Emerson,2306,2026-09-28T14:28:33.002-04:00,2026-09-28T14:28:46.422-04:00,13.42,30.0
Clough,28,385,MARTA Midtown Station,2309,2026-09-28T14:28:39.373-04:00,2026-09-28T14:29:01.620-04:00,22.246,30.0
Blue,21,285,CRC & Stamps Health,2213,2026-09-28T14:29:02.944-04:00,2026-09-28T14:29:15.516-04:00,12.572,30.0
Gold,29,411,Russ Chandler Stadium,2201,2026-09-28T14:28:39.438-04:00,2026-09-28T14:29:23.889-04:00,44.45,30.0
Clough,28,387,5th Street Bridge WB,2302,2026-09-28T14:29:14.983-04:00,2026-09-28T14:29:25.387-04:00,10.405,30.0
Red,20,276,Cherry Emerson,2212,2026-09-28T14:28:45.204-04:00,2026-09-28T14:29:33.673-04:00,48.47,30.0
Gold,29,410,Klaus Building EB,2306,2026-09-28T14:29:39.895-04:00,2026-09-28T14:30:03.427-04:00,23.533,30.0
Clough,28,393,Publix at the Plaza,2309,2026-09-28T14:30:15.680-04:00,2026-09-28T14:30:23.139-04:00,7.458,30.0
Blue,21,300,Ferst Drive & Student Center,2213,2026-09-28T14:30:21.321-04:00,2026-09-28T14:30:31.853-04:00,10.533,30.0
Red,20,277,Klaus Building EB,2212,2026-09-28T14:30:15.958-04:00,2026-09-28T14:30:34.903-04:00,18.945,30.0
Blue,21,301,Weber Building Loop,2213,2026-09-28T14:31:09.586-04:00,2026-09-28T14:31:26.066-04:00,16.48,30.0
Green,17,208,Center St. Apartments & Hemphill Ave,2207,2026-09-28T14:31:09.586-04:00,2026-09-28T14:31:32.046-04:00,22.46,30.0
Blue,21,306,Exhibition Hall,2210,2026-09-28T14:31:21.546-04:00,2026-09-28T14:31:41.081-04:00,19.535,30.0
Gold,29,413,Nanotechnology,2201,2026-09-28T14:31:27.298-04:00,2026-09-28T14:31:58.188-04:00,30.89,30.0
Gold,29,399,5th Street Bridge EB,2306,2026-09-28T14:31:55.598-04:00,2026-09-28T14:32:07.222-04:00,11.624,30.0
Red,20,278,Techwood Dr & 5th St - South,2212,2026-09-28T14:32:08.684-04:00,2026-09-28T14:32:24.862-04:00,16.178,30.0
Clough,28,394,Fowler Street NB,2203,2026-09-28T14:32:20.540-04:00,2026-09-28T14:32:32.267-04:00,11.727,30.0
Clough,28,392,Clough Commons,2302,2026-09-28T14:32:26.433-04:00,2026-09-28T14:32:45.570-04:00,19.137,30.0
Red,20,265,Techwood Dr & Field Residence Hall,2214,2026-09-28T14:32:49.730-04:00,2026-09-28T14:32:58.417-04:00,8.687,30.0
Red,20,279,Techwood Dr & Bobby Dodd Way,2212,2026-09-28T14:32:44.012-04:00,2026-09-28T14:32:59.330-04:00,15.318,30.0
Blue,21,302,COP & North Ave.,2209,2026-09-28T14:31:15.761-04:00,2026-09-28T14:33:00.654-04:00,104.892,30.0
Gold,29,415,Kendeda Building,2201,2026-09-28T14:32:44.002-04:00,2026-09-28T14:33:03.670-04:00,19.668,30.0
Northside Dr. - Atlantic Station,26,487,Georgia Tech Police Department,2216,2026-09-28T14:32:49.724-04:00,2026-09-28T14:33:17.731-04:00,28.007,30.0
Green,17,418,Georgia Tech Police Department,2207,2026-09-28T14:31:33.141-04:00,2026-09-28T14:33:26.743-04:00,113.601,30.0
Gold,29,396,MARTA Midtown Station,2307,2026-09-28T14:33:25.302-04:00,2026-09-28T14:33:38.001-04:00,12.7,30.0
Gold,29,400,Technology Square EB,2306,2026-09-28T14:32:49.726-04:00,2026-09-28T14:33:46.830-04:00,57.104,30.0
Blue,21,299,Fitten Hall,2210,2026-09-28T14:33:30.848-04:00,2026-09-28T14:33:46.830-04:00,15.982,30.0
Northside Dr. - Atlantic Station,26,362,MARTA Stop 10th St. @ Northside Dr.,2216,2026-09-28T14:33:54.591-04:00,2026-09-28T14:34:07.775-04:00,13.184,30.0
Red,20,266,Techwood & 5th  - North,2214,2026-09-28T14:34:11.659-04:00,2026-09-28T14:34:17.672-04:00,6.013,30.0
Clough,28,388,5th Street Bridge EB,2203,2026-09-28T14:34:05.936-04:00,2026-09-28T14:34:19.593-04:00,13.657,30.0
Blue,21,302,COP & North Ave.,2213,2026-09-28T14:34:22.725-04:00,2026-09-28T14:34:36.629-04:00,13.904,30.0
Gold,29,404,Publix at the Plaza,2307,2026-09-28T14:34:28.470-04:00,2026-09-28T14:34:37.711-04:00,9.241,30.0
Clough,28,386,Technology Square WB,2309,2026-09-28T14:34:34.380-04:00,2026-09-28T14:35:02.787-04:00,28.407,30.0
Gold,29,416,Couch Park,2201,2026-09-28T14:34:05.938-04:00,2026-09-28T14:35:08.838-04:00,62.899,30.0
Gold,29,420,Student Center,2308,2026-09-28T14:34:40.260-04:00,2026-09-28T14:35:18.310-04:00,38.05,30.0
Clough,28,389,Technology Square EB,2203,2026-09-28T14:34:52.376-04:00,2026-09-28T14:35:24.693-04:00,32.317,30.0
Red,20,280,COP & North Ave.,2212,2026-09-28T14:35:21.371-04:00,2026-09-28T14:35:29.064-04:00,7.692,30.0
Red,20,267,Russ Chandler Stadium,2214,2026-09-28T14:35:09.526-04:00,2026-09-28T14:35:37.311-04:00,27.785,30.0
Red,20,250,North Avenue Apts - To West Campus,2212,2026-09-28T14:35:39.538-04:00,2026-09-28T14:35:49.082-04:00,9.543,30.0
Blue,21,282,West Village,2210,2026-09-28T14:35:45.531-04:00,2026-09-28T14:35:53.212-04:00,7.682,30.0
Green,17,206,Hemphill Ave & Curran St,2207,2026-09-28T14:35:39.538-04:00,2026-09-28T14:35:57.096-04:00,17.558,30.0
Gold,29,417,CRC & Stamps Health,2201,2026-09-28T14:35:45.528-04:00,2026-09-28T14:36:03.389-04:00,17.861,30.0
Clough,28,387,5th Street Bridge WB,2309,2026-09-28T14:35:57.758-04:00,2026-09-28T14:36:12.266-04:00,14.508,30.0
Blue,21,303,Ferst Dr & Cherry St,2209,2026-09-28T14:36:04.382-04:00,2026-09-28T14:36:15.341-04:00,10.959,30.0
Red,20,268,Klaus Building WB,2214,2026-09-28T14:36:04.382-04:00,2026-09-28T14:36:22.267-04:00,17.885,30.0
Blue,21,463,Ferst Dr. and Weber Building,2209,2026-09-28T14:36:41.862-04:00,2026-09-28T14:37:00.269-04:00,18.407,30.0
Clough,28,394,Fowler Street NB,2302,2026-09-28T14:36:35.899-04:00,2026-09-28T14:37:00.269-04:00,24.369,30.0
Gold,29,407,Exhibition Hall,2308,2026-09-28T14:36:30.203-04:00,2026-09-28T14:37:04.212-04:00,34.009,30.0
Gold,29,401,College of Business,2306,2026-09-28T14:36:59.277-04:00,2026-09-28T14:37:07.127-04:00,7.85,30.0
Blue,21,283,8th St & Hemphill Ave,2210,2026-09-28T14:37:33.335-04:00,2026-09-28T14:37:39.254-04:00,5.919,30.0
Red,20,269,Nanotechnology,2214,2026-09-28T14:37:04.567-04:00,2026-09-28T14:37:43.248-04:00,38.681,30.0
Green,17,210,14th St & State St,2211,2026-09-28T14:37:33.335-04:00,2026-09-28T14:37:47.324-04:00,13.989,30.0
Blue,21,303,Ferst Dr & Cherry St,2213,2026-09-28T14:37:38.798-04:00,2026-09-28T14:37:51.315-04:00,12.517,30.0
Clough,28,388,5th Street Bridge EB,2302,2026-09-28T14:37:45.087-04:00,2026-09-28T14:38:05.672-04:00,20.584,30.0
Blue,21,305,Student Center,2209,2026-09-28T14:37:50.869-04:00,2026-09-28T14:38:05.672-04:00,14.802,30.0
Gold,29,397,Technology Square WB,2307,2026-09-28T14:38:02.203-04:00,2026-09-28T14:38:07.570-04:00,5.367,30.0
Gold,29,421,Ferst Drive & Student Center,2201,2026-09-28T14:38:02.203-04:00,2026-09-28T14:38:13.360-04:00,11.157,30.0
Clough,28,395,Fowler Street SB,2309,2026-09-28T14:37:04.551-04:00,2026-09-28T14:38:17.550-04:00,72.999,30.0
Gold,29,402,Academy of Medicine,2306,2026-09-28T14:38:19.709-04:00,2026-09-28T14:38:27.394-04:00,7.685,30.0
Red,20,265,Techwood Dr & Field Residence Hall,2212,2026-09-28T14:38:08.506-04:00,2026-09-28T14:38:38.426-04:00,29.92,30.0
Clough,28,390,College of Business,2203,2026-09-28T14:38:37.540-04:00,2026-09-28T14:38:39.559-04:00,2.019,30.0
Green,17,211,GTRI Conference Center,2211,2026-09-28T14:38:19.714-04:00,2026-09-28T14:38:42.534-04:00,22.821,30.0
Red,20,270,Kendeda Building,2214,2026-09-28T14:38:19.714-04:00,2026-09-28T14:38:42.534-04:00,22.821,30.0
Northside Dr. - Atlantic Station,26,361,16th & Village St.,2216,2026-09-28T14:38:43.110-04:00,2026-09-28T14:38:56.575-04:00,13.465,30.0
Clough,28,389,Technology Square EB,2302,2026-09-28T14:38:49.087-04:00,2026-09-28T14:38:59.550-04:00,10.463,30.0
Blue,21,463,Ferst Dr. and Weber Building,2213,2026-09-28T14:38:08.494-04:00,2026-09-28T14:39:06.512-04:00,58.018,30.0
Gold,29,398,5th Street Bridge WB,2307,2026-09-28T14:39:00.230-04:00,2026-09-28T14:39:07.573-04:00,7.343,30.0
Gold,29,408,Ferst Dr & Hemphill Ave,2308,2026-09-28T14:38:49.090-04:00,2026-09-28T14:39:14.564-04:00,25.474,30.0
Gold,29,419,Weber Loop,2201,2026-09-28T14:39:06.372-04:00,2026-09-28T14:39:18.891-04:00,12.519,30.0
Blue,21,284,Couch Park,2210,2026-09-28T14:39:06.374-04:00,2026-09-28T14:39:33.919-04:00,27.546,30.0
Gold,29,411,Russ Chandler Stadium,2307,2026-09-28T14:39:35.374-04:00,2026-09-28T14:39:42.655-04:00,7.281,30.0
Blue,21,306,Exhibition Hall,2209,2026-09-28T14:39:24.062-04:00,2026-09-28T14:39:45.637-04:00,21.574,30.0
Clough,28,392,Clough Commons,2309,2026-09-28T14:39:41.328-04:00,2026-09-28T14:39:52.666-04:00,11.339,30.0
Red,20,274,Center St. Apartments & Hemphill Ave,2214,2026-09-28T14:39:29.840-04:00,2026-09-28T14:39:52.666-04:00,22.827,30.0
Red,20,266,Techwood & 5th  - North,2212,2026-09-28T14:39:47.112-04:00,2026-09-28T14:39:59.987-04:00,12.874,30.0
Red,20,272,Paper Tricentennial,2214,2026-09-28T14:40:34.550-04:00,2026-09-28T14:40:48.884-04:00,14.334,30.0
Blue,21,306,Exhibition Hall,2213,2026-09-28T14:41:08.022-04:00,2026-09-28T14:41:26.112-04:00,18.089,30.0
Gold,29,413,Nanotechnology,2307,2026-09-28T14:41:19.572-04:00,2026-09-28T14:41:52.107-04:00,32.536,30.0
Gold,29,396,MARTA Midtown Station,2306,2026-09-28T14:41:48.662-04:00,2026-09-28T14:42:03.112-04:00,14.45,30.0
Red,20,267,Russ Chandler Stadium,2212,2026-09-28T14:41:19.578-04:00,2026-09-28T14:42:04.137-04:00,44.559,30.0
Red,20,273,West Village,2214,2026-09-28T14:42:01.539-04:00,2026-09-28T14:42:08.263-04:00,6.723,30.0
Clough,28,394,Fowler Street NB,2309,2026-09-28T14:42:01.527-04:00,2026-09-28T14:42:12.287-04:00,10.76,30.0
Gold,29,410,Klaus Building EB,2308,2026-09-28T14:41:48.662-04:00,2026-09-28T14:42:14.096-04:00,25.435,30.0
Emory,18,220,Woodruff Circle Transit Hub,2303,2026-09-28T14:42:01.539-04:00,2026-09-28T14:42:15.599-04:00,14.06,30.0
Blue,21,299,Fitten Hall,2209,2026-09-28T14:42:19.189-04:00,2026-09-28T14:42:36.172-04:00,16.983,30.0
Gold,29,415,Kendeda Building,2307,2026-09-28T14:42:30.498-04:00,2026-09-28T14:42:47.400-04:00,16.902,30.0
Green,17,213,Graduate Living Center,2211,2026-09-28T14:42:42.756-04:00,2026-09-28T14:42:53.227-04:00,10.471,30.0
Blue,21,300,Ferst Drive & Student Center,2210,2026-09-28T14:42:48.842-04:00,2026-09-28T14:42:58.488-04:00,9.646,30.0
Red,20,268,Klaus Building WB,2212,2026-09-28T14:42:36.922-04:00,2026-09-28T14:43:04.241-04:00,27.319,30.0
Blue,21,299,Fitten Hall,2213,2026-09-28T14:43:00.324-04:00,2026-09-28T14:43:10.560-04:00,10.236,30.0
Clough,28,388,5th Street Bridge EB,2309,2026-09-28T14:42:54.423-04:00,2026-09-28T14:43:17.476-04:00,23.052,30.0
Clough,28,391,Academy of Medicine,2302,2026-09-28T14:43:17.566-04:00,2026-09-28T14:43:24.484-04:00,6.918,30.0
Blue,21,301,Weber Building Loop,2210,2026-09-28T14:43:53.657-04:00,2026-09-28T14:44:08.864-04:00,15.207,30.0
Gold,29,416,Couch Park,2307,2026-09-28T14:43:36.049-04:00,2026-09-28T14:44:12.719-04:00,36.67,30.0
Clough,28,389,Technology Square EB,2309,2026-09-28T14:44:05.071-04:00,2026-09-28T14:44:17.480-04:00,12.409,30.0
Gold,29,399,5th Street Bridge EB,2308,2026-09-28T14:43:24.356-04:00,2026-09-28T14:44:18.638-04:00,54.281,30.0
Red,20,269,Nanotechnology,2212,2026-09-28T14:43:59.510-04:00,2026-09-28T14:44:18.638-04:00,19.128,30.0
Green,17,195,Baker Building,2211,2026-09-28T14:44:23.180-04:00,2026-09-28T14:44:53.593-04:00,30.413,30.0
Clough,28,385,MARTA Midtown Station,2203,2026-09-28T14:45:14.068-04:00,2026-09-28T14:45:27.671-04:00,13.602,30.0
Gold,29,417,CRC & Stamps Health,2307,2026-09-28T14:45:14.078-04:00,2026-09-28T14:45:27.671-04:00,13.593,30.0
Gold,29,400,Technology Square EB,2308,2026-09-28T14:45:14.078-04:00,2026-09-28T14:45:29.093-04:00,15.015,30.0
Clough,28,393,Publix at the Plaza,2302,2026-09-28T14:45:38.855-04:00,2026-09-28T14:45:50.916-04:00,12.061,30.0
Clough,28,390,College of Business,2309,2026-09-28T14:45:32.807-04:00,2026-09-28T14:45:52.747-04:00,19.94,30.0
Green,17,196,Kendeda Building,2211,2026-09-28T14:45:38.856-04:00,2026-09-28T14:46:07.795-04:00,28.939,30.0
Green,17,210,14th St & State St,2207,2026-09-28T14:45:56.830-04:00,2026-09-28T14:46:11.893-04:00,15.063,30.0
Red,20,274,Center St. Apartments & Hemphill Ave,2212,2026-09-28T14:46:02.282-04:00,2026-09-28T14:46:34.976-04:00,32.693,30.0
Gold,29,421,Ferst Drive & Student Center,2307,2026-09-28T14:46:34.115-04:00,2026-09-28T14:46:52.575-04:00,18.46,30.0
Blue,21,282,West Village,2209,2026-09-28T14:45:50.998-04:00,2026-09-28T14:47:06.079-04:00,75.081,30.0
Gold,29,404,Publix at the Plaza,2306,2026-09-28T14:46:59.474-04:00,2026-09-28T14:47:07.475-04:00,8.001,30.0
Gold,29,401,College of Business,2308,2026-09-28T14:46:59.474-04:00,2026-09-28T14:47:09.035-04:00,9.561,30.0
Green,17,211,GTRI Conference Center,2207,2026-09-28T14:46:47.642-04:00,2026-09-28T14:47:11.198-04:00,23.556,30.0
Red,20,272,Paper Tricentennial,2212,2026-09-28T14:47:10.495-04:00,2026-09-28T14:47:29.042-04:00,18.548,30.0
Blue,21,283,8th St & Hemphill Ave,2209,2026-09-28T14:47:41.678-04:00,2026-09-28T14:47:51.117-04:00,9.438,30.0
Gold,29,419,Weber Loop,2307,2026-09-28T14:47:41.678-04:00,2026-09-28T14:47:52.325-04:00,10.648,30.0
Green,17,418,Georgia Tech Police Department,2211,2026-09-28T14:47:47.572-04:00,2026-09-28T14:48:17.687-04:00,30.115,30.0
Emory,18,222,Clifton Road at Wesley WB,2303,2026-09-28T14:48:50.594-04:00,2026-09-28T14:48:56.357-04:00,5.763,30.0
Northside Dr. - Atlantic Station,26,365,MARTA Stop (17th & Bishop),2216,2026-09-28T14:48:39.339-04:00,2026-09-28T14:49:00.583-04:00,21.244,30.0
Red,20,273,West Village,2212,2026-09-28T14:48:50.594-04:00,2026-09-28T14:49:00.583-04:00,9.988,30.0
Clough,28,391,Academy of Medicine,2309,2026-09-28T14:48:21.852-04:00,2026-09-28T14:49:07.812-04:00,45.959,30.0
Clough,28,393,Publix at the Plaza,2203,2026-09-28T14:50:17.792-04:00,2026-09-28T14:50:26.088-04:00,8.296,30.0
Blue,21,285,CRC & Stamps Health,2209,2026-09-28T14:50:54.638-04:00,2026-09-28T14:51:11.345-04:00,16.707,30.0
Gold,29,398,5th Street Bridge WB,2306,2026-09-28T14:51:05.696-04:00,2026-09-28T14:51:13.001-04:00,7.305,30.0
Green,17,213,Graduate Living Center,2207,2026-09-28T14:51:05.698-04:00,2026-09-28T14:51:22.240-04:00,16.542,30.0
Red,20,271,8th St & Hemphill Ave,2214,2026-09-28T14:51:17.571-04:00,2026-09-28T14:51:22.240-04:00,4.669,30.0
Gold,29,407,Exhibition Hall,2201,2026-09-28T14:51:00.044-04:00,2026-09-28T14:51:28.033-04:00,27.989,30.0
Clough,28,395,Fowler Street SB,2302,2026-09-28T14:51:11.414-04:00,2026-09-28T14:52:00.405-04:00,48.991,30.0
Northside Dr. - Atlantic Station,26,362,MARTA Stop 10th St. @ Northside Dr.,2216,2026-09-28T15:00:47.098-04:00,2026-09-28T15:00:52.690-04:00,5.591,30.0
Clough,28,387,5th Street Bridge WB,2309,2026-09-28T15:00:52.848-04:00,2026-09-28T15:01:02.451-04:00,9.602,30.0
